# Blender 4.5.3 LTS
# www.blender.org
mtllib tshirt_generated.mtl
o TShirt_Detailed
v -0.145833 -0.083333 0.208333
v -0.145833 0.083333 0.208333
v -0.145833 -0.083333 -0.208333
v -0.145833 0.083333 -0.208333
v 0.145833 -0.083333 0.208333
v 0.145833 0.083333 0.208333
v 0.145833 -0.083333 -0.208333
v 0.145833 0.083333 -0.208333
v -0.155556 -0.088889 -0.083333
v -0.155556 -0.088889 0.083333
v -0.155556 -0.033333 0.222222
v -0.155556 0.033333 0.222222
v -0.155556 0.088889 0.083333
v -0.155556 0.088889 -0.083333
v -0.155556 0.033333 -0.222222
v -0.155556 -0.033333 -0.222222
v 0.058333 -0.088889 -0.222222
v -0.058333 -0.088889 -0.222222
v -0.058333 0.088889 -0.222222
v 0.058333 0.088889 -0.222222
v 0.155556 0.033333 -0.222222
v 0.155556 -0.033333 -0.222222
v 0.155556 -0.088889 0.083333
v 0.155556 -0.088889 -0.083333
v 0.155556 0.088889 -0.083333
v 0.155556 0.088889 0.083333
v 0.155556 0.033333 0.222222
v 0.155556 -0.033333 0.222222
v -0.058333 -0.088889 0.222222
v 0.058333 -0.088889 0.222222
v 0.058333 0.088889 0.222222
v -0.058333 0.088889 0.222222
v 0.058333 0.100000 -0.083333
v 0.058333 0.100000 0.083333
v -0.058333 0.100000 -0.083333
v -0.058333 0.100000 0.083333
v -0.058333 -0.100000 -0.083333
v -0.058333 -0.100000 0.083333
v 0.058333 -0.100000 -0.083333
v 0.058333 -0.100000 0.083333
v 0.058333 -0.033333 0.250000
v -0.058333 -0.033333 0.250000
v 0.058333 0.033333 0.250000
v -0.058333 0.033333 0.250000
v 0.175000 -0.033333 -0.083333
v 0.175000 -0.033333 0.083333
v 0.175000 0.033333 -0.083333
v 0.175000 0.033333 0.083333
v -0.058333 -0.033333 -0.250000
v 0.058333 -0.033333 -0.250000
v -0.058333 0.033333 -0.250000
v 0.058333 0.033333 -0.250000
v -0.175000 -0.033333 0.083333
v -0.175000 -0.033333 -0.083333
v -0.175000 0.033333 0.083333
v -0.175000 0.033333 -0.083333
v -0.437500 -0.000070 -0.158856
v -0.262500 0.000070 -0.158856
v -0.437467 -0.041687 -0.141618
v -0.262467 -0.041548 -0.141618
v -0.437453 -0.058926 -0.100000
v -0.262453 -0.058786 -0.100000
v -0.437467 -0.041687 -0.058382
v -0.262467 -0.041548 -0.058382
v -0.437500 -0.000070 -0.041144
v -0.262500 0.000070 -0.041144
v -0.437533 0.041548 -0.058382
v -0.262533 0.041687 -0.058382
v -0.437547 0.058786 -0.100000
v -0.262547 0.058926 -0.100000
v -0.437533 0.041548 -0.141618
v -0.262533 0.041687 -0.141618
v 0.262500 -0.000070 -0.158856
v 0.437500 0.000070 -0.158856
v 0.262533 -0.041687 -0.141618
v 0.437533 -0.041548 -0.141618
v 0.262547 -0.058926 -0.100000
v 0.437547 -0.058786 -0.100000
v 0.262533 -0.041687 -0.058382
v 0.437533 -0.041548 -0.058382
v 0.262500 -0.000070 -0.041144
v 0.437500 0.000070 -0.041144
v 0.262467 0.041548 -0.058382
v 0.437467 0.041687 -0.058382
v 0.262453 0.058786 -0.100000
v 0.437453 0.058926 -0.100000
v 0.262467 0.041548 -0.141618
v 0.437467 0.041687 -0.141618
v -0.155347 -0.088770 0.124341
v -0.153890 -0.087937 0.161394
v -0.150296 -0.085883 0.190728
v -0.155347 0.049736 0.221925
v -0.153890 0.064558 0.219843
v -0.150296 0.076291 0.214708
v -0.155347 0.088770 -0.124341
v -0.153890 0.087937 -0.161394
v -0.150296 0.085883 -0.190728
v -0.155347 -0.049736 -0.221925
v -0.153890 -0.064558 -0.219843
v -0.150296 -0.076291 -0.214708
v -0.087039 -0.088770 -0.221925
v -0.112976 -0.087937 -0.219843
v -0.133510 -0.085883 -0.214708
v 0.087039 0.088770 -0.221925
v 0.112976 0.087937 -0.219843
v 0.133510 0.085883 -0.214708
v 0.155347 -0.049736 -0.221925
v 0.153890 -0.064558 -0.219843
v 0.150296 -0.076291 -0.214708
v 0.155347 -0.088770 -0.124341
v 0.153890 -0.087937 -0.161394
v 0.150296 -0.085883 -0.190728
v 0.155347 0.088770 0.124341
v 0.153890 0.087937 0.161394
v 0.150296 0.085883 0.190728
v 0.155347 -0.049736 0.221925
v 0.153890 -0.064558 0.219843
v 0.150296 -0.076291 0.214708
v 0.087039 -0.088770 0.221925
v 0.112976 -0.087937 0.219843
v 0.133510 -0.085883 0.214708
v -0.087039 0.088770 0.221925
v -0.112976 0.087937 0.219843
v -0.133510 0.085883 0.214708
v -0.150296 -0.085883 -0.190728
v -0.153890 -0.087937 -0.161394
v -0.155347 -0.088770 -0.124341
v -0.155556 -0.088889 -0.041667
v -0.155556 -0.088889 -0.000000
v -0.155556 -0.088889 0.041667
v -0.150296 -0.076291 0.214708
v -0.153890 -0.064558 0.219843
v -0.155347 -0.049736 0.221925
v -0.155556 -0.016667 0.222222
v -0.155556 -0.000000 0.222222
v -0.155556 0.016667 0.222222
v -0.150296 0.085883 0.190728
v -0.153890 0.087937 0.161394
v -0.155347 0.088770 0.124341
v -0.155556 0.088889 0.041667
v -0.155556 0.088889 -0.000000
v -0.155556 0.088889 -0.041667
v -0.150296 0.076291 -0.214708
v -0.153890 0.064558 -0.219843
v -0.155347 0.049736 -0.221925
v -0.155556 0.016667 -0.222222
v -0.155556 0.000000 -0.222222
v -0.155556 -0.016667 -0.222222
v 0.133510 -0.085883 -0.214708
v 0.112976 -0.087937 -0.219843
v 0.087039 -0.088770 -0.221925
v 0.029167 -0.088889 -0.222222
v 0.000000 -0.088889 -0.222222
v -0.029167 -0.088889 -0.222222
v -0.133510 0.085883 -0.214708
v -0.112976 0.087937 -0.219843
v -0.087039 0.088770 -0.221925
v -0.029167 0.088889 -0.222222
v 0.000000 0.088889 -0.222222
v 0.029167 0.088889 -0.222222
v 0.150296 0.076291 -0.214708
v 0.153890 0.064558 -0.219843
v 0.155347 0.049736 -0.221925
v 0.155556 0.016667 -0.222222
v 0.155556 0.000000 -0.222222
v 0.155556 -0.016667 -0.222222
v 0.150296 -0.085883 0.190728
v 0.153890 -0.087937 0.161394
v 0.155347 -0.088770 0.124341
v 0.155556 -0.088889 0.041667
v 0.155556 -0.088889 -0.000000
v 0.155556 -0.088889 -0.041667
v 0.150296 0.085883 -0.190728
v 0.153890 0.087937 -0.161394
v 0.155347 0.088770 -0.124341
v 0.155556 0.088889 -0.041667
v 0.155556 0.088889 -0.000000
v 0.155556 0.088889 0.041667
v 0.150296 0.076291 0.214708
v 0.153890 0.064558 0.219843
v 0.155347 0.049736 0.221925
v 0.155556 0.016667 0.222222
v 0.155556 0.000000 0.222222
v 0.155556 -0.016667 0.222222
v -0.133510 -0.085883 0.214708
v -0.112976 -0.087937 0.219843
v -0.087039 -0.088770 0.221925
v -0.029167 -0.088889 0.222222
v 0.000000 -0.088889 0.222222
v 0.029167 -0.088889 0.222222
v 0.133510 0.085883 0.214708
v 0.112976 0.087937 0.219843
v 0.087039 0.088770 0.221925
v 0.029167 0.088889 0.222222
v -0.000000 0.088889 0.222222
v -0.029167 0.088889 0.222222
v 0.058333 0.099826 0.124566
v 0.058333 0.098611 0.163194
v 0.058333 0.095313 0.196615
v 0.058333 0.095312 -0.196615
v 0.058333 0.098611 -0.163194
v 0.058333 0.099826 -0.124566
v 0.058333 0.100000 -0.041667
v 0.058333 0.100000 -0.000000
v 0.058333 0.100000 0.041667
v -0.058333 0.099826 0.124566
v -0.058333 0.098611 0.163194
v -0.058333 0.095313 0.196615
v -0.058333 0.095312 -0.196615
v -0.058333 0.098611 -0.163194
v -0.058333 0.099826 -0.124566
v -0.058333 0.100000 -0.041667
v -0.058333 0.100000 -0.000000
v -0.058333 0.100000 0.041667
v 0.087196 0.099826 -0.083333
v 0.114236 0.098611 -0.083333
v 0.137630 0.095313 -0.083333
v 0.087196 0.099826 0.083333
v 0.114236 0.098611 0.083333
v 0.137630 0.095313 0.083333
v -0.029167 0.100000 -0.083333
v 0.000000 0.100000 -0.083333
v 0.029167 0.100000 -0.083333
v -0.029167 0.100000 0.083333
v -0.000000 0.100000 0.083333
v 0.029167 0.100000 0.083333
v -0.137630 0.095313 -0.083333
v -0.114236 0.098611 -0.083333
v -0.087196 0.099826 -0.083333
v -0.137630 0.095313 0.083333
v -0.114236 0.098611 0.083333
v -0.087196 0.099826 0.083333
v -0.058333 -0.099826 0.124566
v -0.058333 -0.098611 0.163194
v -0.058333 -0.095313 0.196615
v -0.058333 -0.095312 -0.196615
v -0.058333 -0.098611 -0.163194
v -0.058333 -0.099826 -0.124566
v -0.058333 -0.100000 -0.041667
v -0.058333 -0.100000 -0.000000
v -0.058333 -0.100000 0.041667
v 0.058333 -0.099826 0.124566
v 0.058333 -0.098611 0.163194
v 0.058333 -0.095313 0.196615
v 0.058333 -0.095312 -0.196615
v 0.058333 -0.098611 -0.163194
v 0.058333 -0.099826 -0.124566
v 0.058333 -0.100000 -0.041667
v 0.058333 -0.100000 -0.000000
v 0.058333 -0.100000 0.041667
v -0.087196 -0.099826 -0.083333
v -0.114236 -0.098611 -0.083333
v -0.137630 -0.095313 -0.083333
v -0.087196 -0.099826 0.083333
v -0.114236 -0.098611 0.083333
v -0.137630 -0.095313 0.083333
v 0.029167 -0.100000 -0.083333
v 0.000000 -0.100000 -0.083333
v -0.029167 -0.100000 -0.083333
v 0.029167 -0.100000 0.083333
v 0.000000 -0.100000 0.083333
v -0.029167 -0.100000 0.083333
v 0.137630 -0.095313 -0.083333
v 0.114236 -0.098611 -0.083333
v 0.087196 -0.099826 -0.083333
v 0.137630 -0.095313 0.083333
v 0.114236 -0.098611 0.083333
v 0.087196 -0.099826 0.083333
v -0.087196 -0.033333 0.249566
v -0.114236 -0.033333 0.246528
v -0.137630 -0.033333 0.238281
v 0.137630 -0.033333 0.238281
v 0.114236 -0.033333 0.246528
v 0.087196 -0.033333 0.249566
v 0.029167 -0.033333 0.250000
v -0.000000 -0.033333 0.250000
v -0.029167 -0.033333 0.250000
v -0.087196 0.033333 0.249566
v -0.114236 0.033333 0.246528
v -0.137630 0.033333 0.238281
v 0.137630 0.033333 0.238281
v 0.114236 0.033333 0.246528
v 0.087196 0.033333 0.249566
v 0.029167 0.033333 0.250000
v 0.000000 0.033333 0.250000
v -0.029167 0.033333 0.250000
v 0.058333 -0.049826 0.249566
v 0.058333 -0.065278 0.246528
v 0.058333 -0.078646 0.238281
v -0.058333 -0.049826 0.249566
v -0.058333 -0.065278 0.246528
v -0.058333 -0.078646 0.238281
v 0.058333 0.016667 0.250000
v 0.058333 0.000000 0.250000
v 0.058333 -0.016667 0.250000
v -0.058333 0.016667 0.250000
v -0.058333 0.000000 0.250000
v -0.058333 -0.016667 0.250000
v 0.058333 0.078646 0.238281
v 0.058333 0.065278 0.246528
v 0.058333 0.049826 0.249566
v -0.058333 0.078646 0.238281
v -0.058333 0.065278 0.246528
v -0.058333 0.049826 0.249566
v 0.174696 -0.033333 0.124566
v 0.172569 -0.033333 0.163194
v 0.166797 -0.033333 0.196615
v 0.166797 -0.033333 -0.196615
v 0.172569 -0.033333 -0.163194
v 0.174696 -0.033333 -0.124566
v 0.175000 -0.033333 -0.041667
v 0.175000 -0.033333 -0.000000
v 0.175000 -0.033333 0.041667
v 0.174696 0.033333 0.124566
v 0.172569 0.033333 0.163194
v 0.166797 0.033333 0.196615
v 0.166797 0.033333 -0.196615
v 0.172569 0.033333 -0.163194
v 0.174696 0.033333 -0.124566
v 0.175000 0.033333 -0.041667
v 0.175000 0.033333 -0.000000
v 0.175000 0.033333 0.041667
v 0.174696 -0.049826 -0.083333
v 0.172569 -0.065278 -0.083333
v 0.166797 -0.078646 -0.083333
v 0.174696 -0.049826 0.083333
v 0.172569 -0.065278 0.083333
v 0.166797 -0.078646 0.083333
v 0.175000 0.016667 -0.083333
v 0.175000 0.000000 -0.083333
v 0.175000 -0.016667 -0.083333
v 0.175000 0.016667 0.083333
v 0.175000 0.000000 0.083333
v 0.175000 -0.016667 0.083333
v 0.166797 0.078646 -0.083333
v 0.172569 0.065278 -0.083333
v 0.174696 0.049826 -0.083333
v 0.166797 0.078646 0.083333
v 0.172569 0.065278 0.083333
v 0.174696 0.049826 0.083333
v 0.087196 -0.033333 -0.249566
v 0.114236 -0.033333 -0.246528
v 0.137630 -0.033333 -0.238281
v -0.137630 -0.033333 -0.238281
v -0.114236 -0.033333 -0.246528
v -0.087196 -0.033333 -0.249566
v -0.029167 -0.033333 -0.250000
v 0.000000 -0.033333 -0.250000
v 0.029167 -0.033333 -0.250000
v 0.087196 0.033333 -0.249566
v 0.114236 0.033333 -0.246528
v 0.137630 0.033333 -0.238281
v -0.137630 0.033333 -0.238281
v -0.114236 0.033333 -0.246528
v -0.087196 0.033333 -0.249566
v -0.029167 0.033333 -0.250000
v -0.000000 0.033333 -0.250000
v 0.029167 0.033333 -0.250000
v -0.058333 -0.049826 -0.249566
v -0.058333 -0.065278 -0.246528
v -0.058333 -0.078646 -0.238281
v 0.058333 -0.049826 -0.249566
v 0.058333 -0.065278 -0.246528
v 0.058333 -0.078646 -0.238281
v -0.058333 0.016667 -0.250000
v -0.058333 0.000000 -0.250000
v -0.058333 -0.016667 -0.250000
v 0.058333 0.016667 -0.250000
v 0.058333 0.000000 -0.250000
v 0.058333 -0.016667 -0.250000
v -0.058333 0.078646 -0.238281
v -0.058333 0.065278 -0.246528
v -0.058333 0.049826 -0.249566
v 0.058333 0.078646 -0.238281
v 0.058333 0.065278 -0.246528
v 0.058333 0.049826 -0.249566
v -0.174696 -0.033333 -0.124566
v -0.172569 -0.033333 -0.163194
v -0.166797 -0.033333 -0.196615
v -0.166797 -0.033333 0.196615
v -0.172569 -0.033333 0.163194
v -0.174696 -0.033333 0.124566
v -0.175000 -0.033333 0.041667
v -0.175000 -0.033333 0.000000
v -0.175000 -0.033333 -0.041667
v -0.174696 0.033333 -0.124566
v -0.172569 0.033333 -0.163194
v -0.166797 0.033333 -0.196615
v -0.166797 0.033333 0.196615
v -0.172569 0.033333 0.163194
v -0.174696 0.033333 0.124566
v -0.175000 0.033333 0.041667
v -0.175000 0.033333 0.000000
v -0.175000 0.033333 -0.041667
v -0.174696 -0.049826 0.083333
v -0.172569 -0.065278 0.083333
v -0.166797 -0.078646 0.083333
v -0.174696 -0.049826 -0.083333
v -0.172569 -0.065278 -0.083333
v -0.166797 -0.078646 -0.083333
v -0.175000 0.016667 0.083333
v -0.175000 0.000000 0.083333
v -0.175000 -0.016667 0.083333
v -0.175000 0.016667 -0.083333
v -0.175000 0.000000 -0.083333
v -0.175000 -0.016667 -0.083333
v -0.166797 0.078646 0.083333
v -0.172569 0.065278 0.083333
v -0.174696 0.049826 0.083333
v -0.166797 0.078646 -0.083333
v -0.172569 0.065278 -0.083333
v -0.174696 0.049826 -0.083333
v -0.450257 -0.008218 -0.154085
v -0.456659 -0.019919 -0.147883
v -0.450237 -0.032569 -0.143999
v -0.249711 -0.032409 -0.143999
v -0.243310 -0.019749 -0.147883
v -0.249730 -0.008059 -0.154085
v -0.401914 -0.000041 -0.164994
v -0.350000 -0.000000 -0.167884
v -0.298086 0.000041 -0.164994
v -0.298050 -0.045916 -0.145957
v -0.349962 -0.048001 -0.148001
v -0.401877 -0.045999 -0.145957
v -0.450228 -0.044078 -0.132489
v -0.456636 -0.047968 -0.119834
v -0.450220 -0.054165 -0.108139
v -0.249694 -0.054005 -0.108139
v -0.243288 -0.047798 -0.119834
v -0.249702 -0.043919 -0.132489
v -0.298035 -0.064952 -0.100000
v -0.349946 -0.067883 -0.100000
v -0.401862 -0.065035 -0.100000
v -0.450220 -0.054165 -0.091861
v -0.456636 -0.047968 -0.080166
v -0.450228 -0.044078 -0.067511
v -0.249702 -0.043919 -0.067511
v -0.243288 -0.047798 -0.080166
v -0.249694 -0.054005 -0.091861
v -0.298050 -0.045916 -0.054043
v -0.349962 -0.048001 -0.051999
v -0.401877 -0.045999 -0.054043
v -0.450237 -0.032569 -0.056001
v -0.456659 -0.019919 -0.052117
v -0.450257 -0.008218 -0.045915
v -0.249730 -0.008059 -0.045915
v -0.243310 -0.019749 -0.052117
v -0.249711 -0.032409 -0.056001
v -0.298086 0.000041 -0.035006
v -0.350000 -0.000000 -0.032116
v -0.401914 -0.000041 -0.035006
v -0.450270 0.008059 -0.045915
v -0.456690 0.019749 -0.052117
v -0.450289 0.032409 -0.056001
v -0.249763 0.032569 -0.056001
v -0.243341 0.019919 -0.052117
v -0.249743 0.008218 -0.045915
v -0.298123 0.045999 -0.054043
v -0.350038 0.048001 -0.051999
v -0.401950 0.045916 -0.054043
v -0.450298 0.043919 -0.067511
v -0.456713 0.047798 -0.080166
v -0.450306 0.054005 -0.091861
v -0.249780 0.054165 -0.091861
v -0.243364 0.047968 -0.080166
v -0.249772 0.044078 -0.067511
v -0.298138 0.065035 -0.100000
v -0.350054 0.067883 -0.100000
v -0.401965 0.064952 -0.100000
v -0.450306 0.054005 -0.108139
v -0.456713 0.047798 -0.119834
v -0.450298 0.043919 -0.132489
v -0.249772 0.044078 -0.132489
v -0.243364 0.047968 -0.119834
v -0.249780 0.054165 -0.108139
v -0.298123 0.045999 -0.145957
v -0.350038 0.048001 -0.148001
v -0.401950 0.045916 -0.145957
v -0.450289 0.032409 -0.143999
v -0.456690 0.019749 -0.147883
v -0.450270 0.008059 -0.154085
v -0.249743 0.008218 -0.154085
v -0.243341 0.019919 -0.147883
v -0.249763 0.032569 -0.143999
v 0.249743 -0.008218 -0.154085
v 0.243341 -0.019919 -0.147883
v 0.249763 -0.032569 -0.143999
v 0.450289 -0.032409 -0.143999
v 0.456690 -0.019749 -0.147883
v 0.450270 -0.008059 -0.154085
v 0.298086 -0.000041 -0.164994
v 0.350000 -0.000000 -0.167884
v 0.401914 0.000041 -0.164994
v 0.401950 -0.045916 -0.145957
v 0.350038 -0.048001 -0.148001
v 0.298123 -0.045999 -0.145957
v 0.249772 -0.044078 -0.132489
v 0.243364 -0.047968 -0.119834
v 0.249780 -0.054165 -0.108139
v 0.450306 -0.054005 -0.108139
v 0.456713 -0.047798 -0.119834
v 0.450298 -0.043919 -0.132489
v 0.401965 -0.064952 -0.100000
v 0.350054 -0.067883 -0.100000
v 0.298138 -0.065035 -0.100000
v 0.249780 -0.054165 -0.091861
v 0.243364 -0.047968 -0.080166
v 0.249772 -0.044078 -0.067511
v 0.450298 -0.043919 -0.067511
v 0.456713 -0.047798 -0.080166
v 0.450306 -0.054005 -0.091861
v 0.401950 -0.045916 -0.054043
v 0.350038 -0.048001 -0.051999
v 0.298123 -0.045999 -0.054043
v 0.249763 -0.032569 -0.056001
v 0.243341 -0.019919 -0.052117
v 0.249743 -0.008218 -0.045915
v 0.450270 -0.008059 -0.045915
v 0.456690 -0.019749 -0.052117
v 0.450289 -0.032409 -0.056001
v 0.401914 0.000041 -0.035006
v 0.350000 -0.000000 -0.032116
v 0.298086 -0.000041 -0.035006
v 0.249730 0.008059 -0.045915
v 0.243310 0.019749 -0.052117
v 0.249711 0.032409 -0.056001
v 0.450237 0.032569 -0.056001
v 0.456659 0.019919 -0.052117
v 0.450257 0.008218 -0.045915
v 0.401877 0.045999 -0.054043
v 0.349962 0.048001 -0.051999
v 0.298050 0.045916 -0.054043
v 0.249702 0.043919 -0.067511
v 0.243288 0.047798 -0.080166
v 0.249694 0.054005 -0.091861
v 0.450220 0.054165 -0.091861
v 0.456636 0.047968 -0.080166
v 0.450228 0.044078 -0.067511
v 0.401862 0.065035 -0.100000
v 0.349946 0.067883 -0.100000
v 0.298035 0.064952 -0.100000
v 0.249694 0.054005 -0.108139
v 0.243288 0.047798 -0.119834
v 0.249702 0.043919 -0.132489
v 0.450228 0.044078 -0.132489
v 0.456636 0.047968 -0.119834
v 0.450220 0.054165 -0.108139
v 0.401877 0.045999 -0.145957
v 0.349962 0.048001 -0.148001
v 0.298050 0.045916 -0.145957
v 0.249711 0.032409 -0.143999
v 0.243310 0.019749 -0.147883
v 0.249730 0.008059 -0.154085
v 0.450257 0.008218 -0.154085
v 0.456659 0.019919 -0.147883
v 0.450237 0.032569 -0.143999
v -0.174394 0.049824 -0.124559
v -0.172277 0.065255 -0.124510
v -0.166532 0.078578 -0.124404
v -0.172277 0.049804 -0.163138
v -0.170229 0.065098 -0.162744
v -0.164676 0.078099 -0.161900
v -0.166532 0.049762 -0.196444
v -0.164676 0.064760 -0.195248
v -0.159720 0.077032 -0.192581
v 0.087191 0.049824 -0.249134
v 0.087157 0.065255 -0.246110
v 0.087083 0.078578 -0.237902
v 0.114197 0.049804 -0.246110
v 0.113921 0.065098 -0.243184
v 0.113330 0.078099 -0.235251
v 0.137511 0.049762 -0.237903
v 0.136674 0.064760 -0.235251
v 0.134807 0.077032 -0.228171
v 0.174394 0.049824 0.124559
v 0.172277 0.065255 0.124510
v 0.166532 0.078578 0.124404
v 0.172277 0.049804 0.163138
v 0.170229 0.065098 0.162744
v 0.164676 0.078099 0.161900
v 0.166532 0.049762 0.196444
v 0.164676 0.064760 0.195248
v 0.159720 0.077032 0.192581
v -0.087191 0.049824 0.249134
v -0.087157 0.065255 0.246110
v -0.087083 0.078578 0.237902
v -0.114197 0.049804 0.246110
v -0.113921 0.065098 0.243184
v -0.113330 0.078099 0.235251
v -0.137511 0.049762 0.237902
v -0.136674 0.064760 0.235251
v -0.134807 0.077032 0.228171
v 0.087191 -0.099654 0.124559
v 0.114197 -0.098444 0.124510
v 0.137511 -0.095161 0.124404
v 0.087157 -0.098444 0.163138
v 0.113921 -0.097274 0.162744
v 0.136674 -0.094100 0.161900
v 0.087083 -0.095161 0.196444
v 0.113330 -0.094100 0.195248
v 0.134807 -0.091269 0.192581
v -0.087191 0.099654 0.124559
v -0.114197 0.098444 0.124510
v -0.137511 0.095161 0.124404
v -0.087157 0.098444 0.163138
v -0.113921 0.097274 0.162744
v -0.136674 0.094100 0.161900
v -0.087083 0.095161 0.196444
v -0.113330 0.094100 0.195248
v -0.134807 0.091269 0.192581
v 0.137511 0.095161 0.124404
v 0.114197 0.098444 0.124510
v 0.087191 0.099654 0.124559
v 0.136674 0.094100 0.161900
v 0.113921 0.097274 0.162744
v 0.087157 0.098444 0.163138
v 0.134807 0.091269 0.192581
v 0.113330 0.094100 0.195248
v 0.087083 0.095161 0.196444
v 0.029167 0.099826 0.124566
v -0.000000 0.099826 0.124566
v -0.029167 0.099826 0.124566
v 0.029167 0.098611 0.163194
v 0.000000 0.098611 0.163194
v -0.029167 0.098611 0.163194
v 0.029167 0.095312 0.196615
v 0.000000 0.095313 0.196615
v -0.029167 0.095313 0.196615
v 0.134807 0.091269 -0.192581
v 0.113330 0.094100 -0.195248
v 0.087083 0.095161 -0.196444
v 0.136674 0.094100 -0.161900
v 0.113921 0.097274 -0.162744
v 0.087157 0.098444 -0.163138
v 0.137511 0.095161 -0.124404
v 0.114197 0.098444 -0.124510
v 0.087191 0.099654 -0.124559
v 0.137630 0.095312 -0.041667
v 0.114236 0.098611 -0.041667
v 0.087196 0.099826 -0.041667
v 0.137630 0.095313 -0.000000
v 0.114236 0.098611 0.000000
v 0.087196 0.099826 -0.000000
v 0.137630 0.095312 0.041667
v 0.114236 0.098611 0.041667
v 0.087196 0.099826 0.041667
v 0.029167 0.095312 -0.196615
v 0.000000 0.095312 -0.196615
v -0.029167 0.095312 -0.196615
v 0.029167 0.098611 -0.163194
v 0.000000 0.098611 -0.163194
v -0.029167 0.098611 -0.163194
v 0.029167 0.099826 -0.124566
v 0.000000 0.099826 -0.124566
v -0.029167 0.099826 -0.124566
v 0.029167 0.100000 -0.041667
v 0.000000 0.100000 -0.041667
v -0.029167 0.100000 -0.041667
v 0.029167 0.100000 -0.000000
v -0.000000 0.100000 0.000000
v -0.029167 0.100000 -0.000000
v 0.029167 0.100000 0.041667
v 0.000000 0.100000 0.041667
v -0.029167 0.100000 0.041667
v -0.087083 0.095161 -0.196444
v -0.113330 0.094100 -0.195248
v -0.134807 0.091269 -0.192581
v -0.087157 0.098444 -0.163138
v -0.113921 0.097274 -0.162744
v -0.136674 0.094100 -0.161900
v -0.087191 0.099654 -0.124559
v -0.114197 0.098444 -0.124510
v -0.137511 0.095161 -0.124404
v -0.087196 0.099826 -0.041667
v -0.114236 0.098611 -0.041667
v -0.137630 0.095312 -0.041667
v -0.087196 0.099826 0.000000
v -0.114236 0.098611 -0.000000
v -0.137630 0.095312 -0.000000
v -0.087196 0.099826 0.041667
v -0.114236 0.098611 0.041667
v -0.137630 0.095313 0.041667
v -0.137511 -0.095161 0.124404
v -0.114197 -0.098444 0.124510
v -0.087191 -0.099654 0.124559
v -0.136674 -0.094100 0.161900
v -0.113921 -0.097274 0.162744
v -0.087157 -0.098444 0.163138
v -0.134807 -0.091269 0.192581
v -0.113330 -0.094100 0.195248
v -0.087083 -0.095161 0.196444
v -0.029167 -0.099826 0.124566
v 0.000000 -0.099826 0.124566
v 0.029167 -0.099826 0.124566
v -0.029167 -0.098611 0.163194
v -0.000000 -0.098611 0.163194
v 0.029167 -0.098611 0.163194
v -0.029167 -0.095312 0.196615
v -0.000000 -0.095313 0.196615
v 0.029167 -0.095313 0.196615
v -0.134807 -0.091269 -0.192581
v -0.113330 -0.094100 -0.195248
v -0.087083 -0.095161 -0.196444
v -0.136674 -0.094100 -0.161900
v -0.113921 -0.097274 -0.162744
v -0.087157 -0.098444 -0.163138
v -0.137511 -0.095161 -0.124404
v -0.114197 -0.098444 -0.124510
v -0.087191 -0.099654 -0.124559
v -0.137630 -0.095312 -0.041667
v -0.114236 -0.098611 -0.041667
v -0.087196 -0.099826 -0.041667
v -0.137630 -0.095312 -0.000000
v -0.114236 -0.098611 -0.000000
v -0.087196 -0.099826 0.000000
v -0.137630 -0.095312 0.041667
v -0.114236 -0.098611 0.041667
v -0.087196 -0.099826 0.041667
v -0.029167 -0.095312 -0.196615
v 0.000000 -0.095312 -0.196615
v 0.029167 -0.095312 -0.196615
v -0.029167 -0.098611 -0.163194
v 0.000000 -0.098611 -0.163194
v 0.029167 -0.098611 -0.163194
v -0.029167 -0.099826 -0.124566
v 0.000000 -0.099826 -0.124566
v 0.029167 -0.099826 -0.124566
v -0.029167 -0.100000 -0.041667
v -0.000000 -0.100000 -0.041667
v 0.029167 -0.100000 -0.041667
v -0.029167 -0.100000 -0.000000
v 0.000000 -0.100000 0.000000
v 0.029167 -0.100000 -0.000000
v -0.029167 -0.100000 0.041667
v -0.000000 -0.100000 0.041667
v 0.029167 -0.100000 0.041667
v 0.087083 -0.095161 -0.196444
v 0.113330 -0.094100 -0.195248
v 0.134807 -0.091269 -0.192581
v 0.087157 -0.098444 -0.163138
v 0.113921 -0.097274 -0.162744
v 0.136674 -0.094100 -0.161900
v 0.087191 -0.099654 -0.124559
v 0.114197 -0.098444 -0.124510
v 0.137511 -0.095161 -0.124404
v 0.087196 -0.099826 -0.041667
v 0.114236 -0.098611 -0.041667
v 0.137630 -0.095312 -0.041667
v 0.087196 -0.099826 -0.000000
v 0.114236 -0.098611 0.000000
v 0.137630 -0.095313 -0.000000
v 0.087196 -0.099826 0.041667
v 0.114236 -0.098611 0.041667
v 0.137630 -0.095313 0.041667
v -0.087083 -0.078578 0.237902
v -0.087157 -0.065255 0.246110
v -0.087191 -0.049824 0.249134
v -0.113330 -0.078099 0.235251
v -0.113921 -0.065098 0.243184
v -0.114197 -0.049804 0.246110
v -0.134807 -0.077032 0.228171
v -0.136674 -0.064760 0.235251
v -0.137511 -0.049762 0.237902
v -0.087196 -0.016667 0.249566
v -0.087196 0.000000 0.249566
v -0.087196 0.016667 0.249566
v -0.114236 -0.016667 0.246528
v -0.114236 0.000000 0.246528
v -0.114236 0.016667 0.246528
v -0.137630 -0.016667 0.238281
v -0.137630 0.000000 0.238281
v -0.137630 0.016667 0.238281
v 0.134807 -0.077032 0.228171
v 0.136674 -0.064760 0.235251
v 0.137511 -0.049762 0.237903
v 0.113330 -0.078099 0.235251
v 0.113921 -0.065098 0.243184
v 0.114197 -0.049804 0.246110
v 0.087083 -0.078578 0.237902
v 0.087157 -0.065255 0.246110
v 0.087191 -0.049824 0.249134
v 0.029167 -0.078646 0.238281
v 0.029167 -0.065278 0.246528
v 0.029167 -0.049826 0.249566
v -0.000000 -0.078646 0.238281
v -0.000000 -0.065278 0.246528
v 0.000000 -0.049826 0.249566
v -0.029167 -0.078646 0.238281
v -0.029167 -0.065278 0.246528
v -0.029167 -0.049826 0.249566
v 0.137630 -0.016667 0.238281
v 0.137630 0.000000 0.238281
v 0.137630 0.016667 0.238281
v 0.114236 -0.016667 0.246528
v 0.114236 -0.000000 0.246528
v 0.114236 0.016667 0.246528
v 0.087196 -0.016667 0.249566
v 0.087196 0.000000 0.249566
v 0.087196 0.016667 0.249566
v 0.029167 -0.016667 0.250000
v 0.029167 0.000000 0.250000
v 0.029167 0.016667 0.250000
v -0.000000 -0.016667 0.250000
v -0.000000 -0.000000 0.250000
v 0.000000 0.016667 0.250000
v -0.029167 -0.016667 0.250000
v -0.029167 0.000000 0.250000
v -0.029167 0.016667 0.250000
v 0.137511 0.049762 0.237903
v 0.136674 0.064760 0.235251
v 0.134807 0.077032 0.228171
v 0.114197 0.049804 0.246110
v 0.113921 0.065098 0.243184
v 0.113330 0.078099 0.235251
v 0.087191 0.049824 0.249134
v 0.087157 0.065255 0.246110
v 0.087083 0.078578 0.237902
v 0.029167 0.049826 0.249566
v 0.029167 0.065278 0.246528
v 0.029167 0.078646 0.238281
v 0.000000 0.049826 0.249566
v 0.000000 0.065278 0.246528
v -0.000000 0.078646 0.238281
v -0.029167 0.049826 0.249566
v -0.029167 0.065278 0.246528
v -0.029167 0.078646 0.238281
v 0.166532 -0.078578 0.124404
v 0.172277 -0.065255 0.124510
v 0.174394 -0.049824 0.124559
v 0.164676 -0.078099 0.161900
v 0.170229 -0.065098 0.162744
v 0.172277 -0.049804 0.163138
v 0.159720 -0.077032 0.192581
v 0.164676 -0.064760 0.195248
v 0.166532 -0.049762 0.196444
v 0.174696 -0.016667 0.124566
v 0.174696 0.000000 0.124566
v 0.174696 0.016667 0.124566
v 0.172569 -0.016667 0.163194
v 0.172569 -0.000000 0.163194
v 0.172569 0.016667 0.163194
v 0.166797 -0.016667 0.196615
v 0.166797 0.000000 0.196615
v 0.166797 0.016667 0.196615
v 0.159720 -0.077032 -0.192581
v 0.164676 -0.064760 -0.195248
v 0.166532 -0.049762 -0.196444
v 0.164676 -0.078099 -0.161900
v 0.170229 -0.065098 -0.162744
v 0.172277 -0.049804 -0.163138
v 0.166532 -0.078578 -0.124404
v 0.172277 -0.065255 -0.124510
v 0.174394 -0.049824 -0.124559
v 0.166797 -0.078646 -0.041667
v 0.172569 -0.065278 -0.041667
v 0.174696 -0.049826 -0.041667
v 0.166797 -0.078646 -0.000000
v 0.172569 -0.065278 0.000000
v 0.174696 -0.049826 -0.000000
v 0.166797 -0.078646 0.041667
v 0.172569 -0.065278 0.041667
v 0.174696 -0.049826 0.041667
v 0.166797 -0.016667 -0.196615
v 0.166797 0.000000 -0.196615
v 0.166797 0.016667 -0.196615
v 0.172569 -0.016667 -0.163194
v 0.172569 -0.000000 -0.163194
v 0.172569 0.016667 -0.163194
v 0.174696 -0.016667 -0.124566
v 0.174696 0.000000 -0.124566
v 0.174696 0.016667 -0.124566
v 0.175000 -0.016667 -0.041667
v 0.175000 0.000000 -0.041667
v 0.175000 0.016667 -0.041667
v 0.175000 -0.016667 -0.000000
v 0.175000 -0.000000 0.000000
v 0.175000 0.016667 -0.000000
v 0.175000 -0.016667 0.041667
v 0.175000 0.000000 0.041667
v 0.175000 0.016667 0.041667
v 0.166532 0.049762 -0.196444
v 0.164676 0.064760 -0.195248
v 0.159720 0.077032 -0.192581
v 0.172277 0.049804 -0.163138
v 0.170229 0.065098 -0.162744
v 0.164676 0.078099 -0.161900
v 0.174394 0.049824 -0.124559
v 0.172277 0.065255 -0.124510
v 0.166532 0.078578 -0.124404
v 0.174696 0.049826 -0.041667
v 0.172569 0.065278 -0.041667
v 0.166797 0.078646 -0.041667
v 0.174696 0.049826 -0.000000
v 0.172569 0.065278 0.000000
v 0.166797 0.078646 -0.000000
v 0.174696 0.049826 0.041667
v 0.172569 0.065278 0.041667
v 0.166797 0.078646 0.041667
v 0.087083 -0.078578 -0.237902
v 0.087157 -0.065255 -0.246110
v 0.087191 -0.049824 -0.249134
v 0.113330 -0.078099 -0.235251
v 0.113921 -0.065098 -0.243184
v 0.114197 -0.049804 -0.246110
v 0.134807 -0.077032 -0.228171
v 0.136674 -0.064760 -0.235251
v 0.137511 -0.049762 -0.237903
v 0.087196 -0.016667 -0.249566
v 0.087196 0.000000 -0.249566
v 0.087196 0.016667 -0.249566
v 0.114236 -0.016667 -0.246528
v 0.114236 -0.000000 -0.246528
v 0.114236 0.016667 -0.246528
v 0.137630 -0.016667 -0.238281
v 0.137630 0.000000 -0.238281
v 0.137630 0.016667 -0.238281
v -0.134807 -0.077032 -0.228171
v -0.136674 -0.064760 -0.235251
v -0.137511 -0.049762 -0.237903
v -0.113330 -0.078099 -0.235251
v -0.113921 -0.065098 -0.243184
v -0.114197 -0.049804 -0.246110
v -0.087083 -0.078578 -0.237902
v -0.087157 -0.065255 -0.246110
v -0.087191 -0.049824 -0.249134
v -0.029167 -0.078646 -0.238281
v -0.029167 -0.065278 -0.246528
v -0.029167 -0.049826 -0.249566
v 0.000000 -0.078646 -0.238281
v 0.000000 -0.065278 -0.246528
v -0.000000 -0.049826 -0.249566
v 0.029167 -0.078646 -0.238281
v 0.029167 -0.065278 -0.246528
v 0.029167 -0.049826 -0.249566
v -0.137630 -0.016667 -0.238281
v -0.137630 0.000000 -0.238281
v -0.137630 0.016667 -0.238281
v -0.114236 -0.016667 -0.246528
v -0.114236 -0.000000 -0.246528
v -0.114236 0.016667 -0.246528
v -0.087196 -0.016667 -0.249566
v -0.087196 0.000000 -0.249566
v -0.087196 0.016667 -0.249566
v -0.029167 -0.016667 -0.250000
v -0.029167 0.000000 -0.250000
v -0.029167 0.016667 -0.250000
v 0.000000 -0.016667 -0.250000
v 0.000000 -0.000000 -0.250000
v -0.000000 0.016667 -0.250000
v 0.029167 -0.016667 -0.250000
v 0.029167 0.000000 -0.250000
v 0.029167 0.016667 -0.250000
v -0.137511 0.049762 -0.237903
v -0.136674 0.064760 -0.235251
v -0.134807 0.077032 -0.228171
v -0.114197 0.049804 -0.246110
v -0.113921 0.065098 -0.243184
v -0.113330 0.078099 -0.235251
v -0.087191 0.049824 -0.249134
v -0.087157 0.065255 -0.246110
v -0.087083 0.078578 -0.237902
v -0.029167 0.049826 -0.249566
v -0.029167 0.065278 -0.246528
v -0.029167 0.078646 -0.238281
v -0.000000 0.049826 -0.249566
v -0.000000 0.065278 -0.246528
v 0.000000 0.078646 -0.238281
v 0.029167 0.049826 -0.249566
v 0.029167 0.065278 -0.246528
v 0.029167 0.078646 -0.238281
v -0.166532 -0.078578 -0.124404
v -0.172277 -0.065255 -0.124510
v -0.174394 -0.049824 -0.124559
v -0.164676 -0.078099 -0.161900
v -0.170229 -0.065098 -0.162744
v -0.172277 -0.049804 -0.163138
v -0.159720 -0.077032 -0.192581
v -0.164676 -0.064760 -0.195248
v -0.166532 -0.049762 -0.196444
v -0.174696 -0.016667 -0.124566
v -0.174696 0.000000 -0.124566
v -0.174696 0.016667 -0.124566
v -0.172569 -0.016667 -0.163194
v -0.172569 -0.000000 -0.163194
v -0.172569 0.016667 -0.163194
v -0.166797 -0.016667 -0.196615
v -0.166797 0.000000 -0.196615
v -0.166797 0.016667 -0.196615
v -0.159720 -0.077032 0.192581
v -0.164676 -0.064760 0.195248
v -0.166532 -0.049762 0.196444
v -0.164676 -0.078099 0.161900
v -0.170229 -0.065098 0.162744
v -0.172277 -0.049804 0.163138
v -0.166532 -0.078578 0.124404
v -0.172277 -0.065255 0.124510
v -0.174394 -0.049824 0.124559
v -0.166797 -0.078646 0.041667
v -0.172569 -0.065278 0.041667
v -0.174696 -0.049826 0.041667
v -0.166797 -0.078646 0.000000
v -0.172569 -0.065278 0.000000
v -0.174696 -0.049826 -0.000000
v -0.166797 -0.078646 -0.041667
v -0.172569 -0.065278 -0.041667
v -0.174696 -0.049826 -0.041667
v -0.166797 -0.016667 0.196615
v -0.166797 -0.000000 0.196615
v -0.166797 0.016667 0.196615
v -0.172569 -0.016667 0.163194
v -0.172569 0.000000 0.163194
v -0.172569 0.016667 0.163194
v -0.174696 -0.016667 0.124566
v -0.174696 0.000000 0.124566
v -0.174696 0.016667 0.124566
v -0.175000 -0.016667 0.041667
v -0.175000 0.000000 0.041667
v -0.175000 0.016667 0.041667
v -0.175000 -0.016667 0.000000
v -0.175000 -0.000000 -0.000000
v -0.175000 0.016667 0.000000
v -0.175000 -0.016667 -0.041667
v -0.175000 0.000000 -0.041667
v -0.175000 0.016667 -0.041667
v -0.166532 0.049762 0.196444
v -0.164676 0.064760 0.195248
v -0.159720 0.077032 0.192581
v -0.172277 0.049804 0.163138
v -0.170229 0.065098 0.162744
v -0.164676 0.078099 0.161900
v -0.174394 0.049824 0.124559
v -0.172277 0.065255 0.124510
v -0.166532 0.078578 0.124404
v -0.174696 0.049826 0.041667
v -0.172569 0.065278 0.041667
v -0.166797 0.078646 0.041667
v -0.174696 0.049826 -0.000000
v -0.172569 0.065278 0.000000
v -0.166797 0.078646 0.000000
v -0.174696 0.049826 -0.041667
v -0.172569 0.065278 -0.041667
v -0.166797 0.078646 -0.041667
v -0.405318 -0.011972 -0.162876
v -0.349990 -0.012922 -0.166131
v -0.294663 -0.011884 -0.162876
v -0.408280 -0.024174 -0.158249
v -0.349980 -0.025597 -0.161796
v -0.291681 -0.024081 -0.158249
v -0.405299 -0.036069 -0.152895
v -0.349970 -0.037624 -0.155899
v -0.294644 -0.035981 -0.152895
v -0.405285 -0.052939 -0.136025
v -0.349955 -0.055899 -0.137624
v -0.294630 -0.052851 -0.136025
v -0.408253 -0.058295 -0.124127
v -0.349951 -0.061796 -0.125597
v -0.291654 -0.058202 -0.124127
v -0.405277 -0.062920 -0.111928
v -0.349947 -0.066131 -0.112922
v -0.294622 -0.062832 -0.111928
v -0.405277 -0.062920 -0.088072
v -0.349947 -0.066131 -0.087078
v -0.294622 -0.062832 -0.088072
v -0.408253 -0.058295 -0.075873
v -0.349951 -0.061796 -0.074403
v -0.291654 -0.058202 -0.075873
v -0.405285 -0.052939 -0.063975
v -0.349955 -0.055899 -0.062376
v -0.294630 -0.052851 -0.063975
v -0.405299 -0.036069 -0.047105
v -0.349970 -0.037624 -0.044101
v -0.294644 -0.035981 -0.047105
v -0.408280 -0.024174 -0.041751
v -0.349980 -0.025597 -0.038204
v -0.291681 -0.024081 -0.041751
v -0.405318 -0.011972 -0.037124
v -0.349990 -0.012922 -0.033869
v -0.294663 -0.011884 -0.037124
v -0.405337 0.011884 -0.037124
v -0.350010 0.012922 -0.033869
v -0.294682 0.011972 -0.037124
v -0.408319 0.024081 -0.041751
v -0.350020 0.025597 -0.038204
v -0.291720 0.024174 -0.041751
v -0.405356 0.035981 -0.047105
v -0.350030 0.037624 -0.044101
v -0.294701 0.036069 -0.047105
v -0.405370 0.052851 -0.063975
v -0.350044 0.055899 -0.062376
v -0.294715 0.052939 -0.063975
v -0.408346 0.058202 -0.075873
v -0.350049 0.061796 -0.074403
v -0.291747 0.058295 -0.075873
v -0.405378 0.062832 -0.088072
v -0.350053 0.066131 -0.087078
v -0.294723 0.062920 -0.088072
v -0.194445 0.000124 -0.100000
v -0.222108 -0.029433 -0.129534
v -0.211988 -0.012633 -0.130764
v -0.222131 0.000102 -0.141768
v -0.212009 0.012853 -0.130764
v -0.222155 0.029636 -0.129534
v -0.212023 0.030874 -0.112743
v -0.222165 0.041870 -0.100000
v -0.212023 0.030874 -0.087257
v -0.222155 0.029636 -0.070466
v -0.212009 0.012853 -0.069236
v -0.222131 0.000102 -0.058232
v -0.211988 -0.012633 -0.069236
v -0.222108 -0.029433 -0.070466
v -0.211974 -0.030654 -0.087257
v -0.222098 -0.041666 -0.100000
v -0.211974 -0.030654 -0.112743
v -0.405378 0.062832 -0.111928
v -0.350053 0.066131 -0.112922
v -0.294723 0.062920 -0.111928
v -0.408346 0.058202 -0.124127
v -0.350049 0.061796 -0.125597
v -0.291747 0.058295 -0.124127
v -0.405370 0.052851 -0.136025
v -0.350045 0.055899 -0.137624
v -0.294715 0.052939 -0.136025
v -0.405356 0.035981 -0.152895
v -0.350030 0.037624 -0.155899
v -0.294701 0.036069 -0.152895
v -0.408319 0.024081 -0.158249
v -0.350020 0.025597 -0.161796
v -0.291720 0.024174 -0.158249
v -0.405337 0.011884 -0.162876
v -0.350010 0.012922 -0.166131
v -0.294682 0.011972 -0.162876
v -0.505556 -0.000124 -0.100000
v -0.477869 -0.000102 -0.141768
v -0.487991 -0.012853 -0.130764
v -0.477845 -0.029636 -0.129534
v -0.487977 -0.030874 -0.112743
v -0.477835 -0.041870 -0.100000
v -0.487977 -0.030874 -0.087257
v -0.477845 -0.029636 -0.070466
v -0.487991 -0.012853 -0.069236
v -0.477869 -0.000102 -0.058232
v -0.488012 0.012633 -0.069236
v -0.477892 0.029433 -0.070466
v -0.488026 0.030654 -0.087257
v -0.477902 0.041666 -0.100000
v -0.488026 0.030654 -0.112743
v -0.477892 0.029433 -0.129534
v -0.488012 0.012633 -0.130764
v 0.294682 -0.011972 -0.162876
v 0.350010 -0.012922 -0.166131
v 0.405337 -0.011884 -0.162876
v 0.291720 -0.024174 -0.158249
v 0.350020 -0.025597 -0.161796
v 0.408319 -0.024081 -0.158249
v 0.294701 -0.036069 -0.152895
v 0.350030 -0.037624 -0.155899
v 0.405356 -0.035981 -0.152895
v 0.294715 -0.052939 -0.136025
v 0.350044 -0.055899 -0.137624
v 0.405370 -0.052851 -0.136025
v 0.291747 -0.058295 -0.124127
v 0.350049 -0.061796 -0.125597
v 0.408346 -0.058202 -0.124127
v 0.294723 -0.062920 -0.111928
v 0.350053 -0.066131 -0.112922
v 0.405378 -0.062832 -0.111928
v 0.294723 -0.062920 -0.088072
v 0.350053 -0.066131 -0.087078
v 0.405378 -0.062832 -0.088072
v 0.291747 -0.058295 -0.075873
v 0.350049 -0.061796 -0.074403
v 0.408346 -0.058202 -0.075873
v 0.294715 -0.052939 -0.063975
v 0.350044 -0.055899 -0.062376
v 0.405370 -0.052851 -0.063975
v 0.294701 -0.036069 -0.047105
v 0.350030 -0.037624 -0.044101
v 0.405356 -0.035981 -0.047105
v 0.291720 -0.024174 -0.041751
v 0.350020 -0.025597 -0.038204
v 0.408319 -0.024081 -0.041751
v 0.294682 -0.011972 -0.037124
v 0.350010 -0.012922 -0.033869
v 0.405337 -0.011884 -0.037124
v 0.294663 0.011884 -0.037124
v 0.349990 0.012922 -0.033869
v 0.405318 0.011972 -0.037124
v 0.291681 0.024081 -0.041751
v 0.349980 0.025597 -0.038204
v 0.408280 0.024174 -0.041751
v 0.294644 0.035981 -0.047105
v 0.349970 0.037624 -0.044101
v 0.405299 0.036069 -0.047105
v 0.294630 0.052851 -0.063975
v 0.349955 0.055899 -0.062376
v 0.405285 0.052939 -0.063975
v 0.291654 0.058202 -0.075873
v 0.349951 0.061796 -0.074403
v 0.408253 0.058295 -0.075873
v 0.294622 0.062832 -0.088072
v 0.349947 0.066131 -0.087078
v 0.405277 0.062920 -0.088072
v 0.505556 0.000124 -0.100000
v 0.477892 -0.029433 -0.129534
v 0.488012 -0.012633 -0.130764
v 0.477869 0.000102 -0.141768
v 0.487991 0.012853 -0.130764
v 0.477845 0.029636 -0.129534
v 0.487977 0.030874 -0.112743
v 0.477835 0.041870 -0.100000
v 0.487977 0.030874 -0.087257
v 0.477845 0.029636 -0.070466
v 0.487991 0.012853 -0.069236
v 0.477869 0.000102 -0.058232
v 0.488012 -0.012633 -0.069236
v 0.477892 -0.029433 -0.070466
v 0.488026 -0.030654 -0.087257
v 0.477902 -0.041666 -0.100000
v 0.488026 -0.030654 -0.112743
v 0.294622 0.062832 -0.111928
v 0.349947 0.066131 -0.112922
v 0.405277 0.062920 -0.111928
v 0.291654 0.058202 -0.124127
v 0.349951 0.061796 -0.125597
v 0.408253 0.058295 -0.124127
v 0.294630 0.052851 -0.136025
v 0.349955 0.055899 -0.137624
v 0.405285 0.052939 -0.136025
v 0.294644 0.035981 -0.152895
v 0.349970 0.037624 -0.155899
v 0.405299 0.036069 -0.152895
v 0.291681 0.024081 -0.158249
v 0.349980 0.025597 -0.161796
v 0.408280 0.024174 -0.158249
v 0.294663 0.011884 -0.162876
v 0.349990 0.012922 -0.166131
v 0.405318 0.011972 -0.162876
v 0.194445 -0.000124 -0.100000
v 0.222131 -0.000102 -0.141768
v 0.212009 -0.012853 -0.130764
v 0.222155 -0.029636 -0.129534
v 0.212023 -0.030874 -0.112743
v 0.222165 -0.041870 -0.100000
v 0.212023 -0.030874 -0.087257
v 0.222155 -0.029636 -0.070466
v 0.212009 -0.012853 -0.069236
v 0.222131 -0.000102 -0.058232
v 0.211988 0.012633 -0.069236
v 0.222108 0.029433 -0.070466
v 0.211974 0.030654 -0.087257
v 0.222098 0.041666 -0.100000
v 0.211974 0.030654 -0.112743
v 0.222108 0.029433 -0.129534
v 0.211988 0.012633 -0.130764
vn -0.9966 0.0770 -0.0309
vn -0.9630 0.2678 -0.0299
vn -0.9573 0.2676 -0.1093
vn -0.9907 0.0765 -0.1124
vn -0.8144 0.5797 -0.0270
vn -0.8102 0.5779 -0.0977
vn -0.9199 0.2749 -0.2796
vn -0.9542 0.0794 -0.2885
vn -0.7858 0.5708 -0.2379
vn -1.0000 0.0092 -0.0037
vn -0.9970 0.0774 -0.0036
vn -0.9995 0.0091 -0.0312
vn -0.9632 0.2687 -0.0035
vn -0.8142 0.5806 -0.0031
vn -0.5156 0.8568 -0.0026
vn -0.5163 0.8561 -0.0222
vn -0.5157 0.8530 -0.0798
vn -0.5088 0.8405 -0.1861
vn -0.4793 0.8140 -0.3283
vn -0.6533 0.5934 -0.4703
vn -0.7694 0.3029 -0.5623
vn -0.8048 0.0897 -0.5867
vn -0.9575 0.0093 -0.2884
vn -0.8095 0.0105 -0.5870
vn -0.9936 0.0090 -0.1128
vn 0.0626 0.1089 -0.9921
vn 0.0586 0.3620 -0.9303
vn 0.2085 0.3549 -0.9114
vn 0.2211 0.1062 -0.9695
vn 0.0479 0.6984 -0.7141
vn 0.1714 0.6880 -0.7052
vn 0.4783 0.3361 -0.8113
vn 0.5052 0.1004 -0.8571
vn 0.3936 0.6517 -0.6483
vn 0.0075 0.0131 -0.9999
vn 0.0074 0.1099 -0.9939
vn 0.0633 0.0130 -0.9979
vn 0.0069 0.3644 -0.9312
vn 0.0056 0.7013 -0.7128
vn 0.0040 0.9182 -0.3960
vn 0.0345 0.9168 -0.3978
vn 0.1243 0.9093 -0.3973
vn 0.2856 0.8783 -0.3835
vn 0.4793 0.8140 -0.3283
vn 0.6533 0.5934 -0.4703
vn 0.7694 0.3029 -0.5623
vn 0.8048 0.0897 -0.5867
vn 0.5092 0.0118 -0.8605
vn 0.8095 0.0105 -0.5870
vn 0.2233 0.0126 -0.9747
vn 0.9966 0.0770 0.0309
vn 0.9630 0.2678 0.0299
vn 0.9573 0.2676 0.1093
vn 0.9907 0.0765 0.1124
vn 0.8144 0.5797 0.0270
vn 0.8102 0.5779 0.0977
vn 0.9199 0.2749 0.2796
vn 0.9542 0.0794 0.2885
vn 0.7858 0.5708 0.2379
vn 1.0000 0.0092 0.0037
vn 0.9970 0.0774 0.0036
vn 0.9995 0.0091 0.0312
vn 0.9632 0.2687 0.0035
vn 0.8142 0.5806 0.0031
vn 0.5156 0.8568 0.0026
vn 0.5163 0.8561 0.0222
vn 0.5157 0.8530 0.0798
vn 0.5088 0.8405 0.1861
vn 0.4793 0.8140 0.3283
vn 0.6533 0.5934 0.4703
vn 0.7694 0.3029 0.5623
vn 0.8048 0.0897 0.5867
vn 0.9575 0.0093 0.2884
vn 0.8095 0.0105 0.5870
vn 0.9936 0.0090 0.1128
vn -0.0626 0.1089 0.9921
vn -0.0586 0.3620 0.9303
vn -0.2085 0.3549 0.9114
vn -0.2211 0.1062 0.9695
vn -0.0479 0.6984 0.7141
vn -0.1714 0.6880 0.7052
vn -0.4783 0.3361 0.8113
vn -0.5052 0.1004 0.8571
vn -0.3936 0.6517 0.6483
vn -0.0075 0.0131 0.9999
vn -0.0074 0.1099 0.9939
vn -0.0633 0.0130 0.9979
vn -0.0069 0.3644 0.9312
vn -0.0056 0.7013 0.7128
vn -0.0040 0.9182 0.3960
vn -0.0345 0.9168 0.3978
vn -0.1243 0.9093 0.3973
vn -0.2856 0.8783 0.3835
vn -0.4793 0.8140 0.3283
vn -0.6533 0.5934 0.4703
vn -0.7694 0.3029 0.5623
vn -0.8048 0.0897 0.5867
vn -0.5092 0.0118 0.8605
vn -0.8095 0.0105 0.5870
vn -0.2233 0.0126 0.9747
vn 0.0253 -0.9995 0.0177
vn 0.0922 -0.9956 0.0177
vn 0.0928 -0.9936 0.0651
vn 0.0253 -0.9976 0.0648
vn 0.2401 -0.9706 0.0186
vn 0.2411 -0.9681 0.0681
vn 0.0986 -0.9800 0.1727
vn 0.0270 -0.9847 0.1719
vn 0.2413 -0.9555 0.1695
vn 0.0030 -1.0000 0.0021
vn 0.0254 -0.9997 0.0021
vn 0.0030 -0.9998 0.0178
vn 0.0923 -0.9957 0.0021
vn 0.2398 -0.9708 0.0021
vn 0.5156 -0.8568 0.0026
vn 0.5163 -0.8561 0.0222
vn 0.5157 -0.8530 0.0798
vn 0.5088 -0.8405 0.1861
vn 0.4793 -0.8140 0.3283
vn 0.2856 -0.8783 0.3835
vn 0.1243 -0.9093 0.3973
vn 0.0345 -0.9168 0.3978
vn 0.0031 -0.9852 0.1713
vn 0.0040 -0.9182 0.3960
vn 0.0030 -0.9979 0.0649
vn -0.0253 0.9995 0.0177
vn -0.0922 0.9956 0.0177
vn -0.0928 0.9936 0.0651
vn -0.0253 0.9976 0.0648
vn -0.2401 0.9706 0.0186
vn -0.2411 0.9681 0.0681
vn -0.0986 0.9800 0.1727
vn -0.0270 0.9847 0.1719
vn -0.2413 0.9555 0.1695
vn -0.0030 1.0000 0.0021
vn -0.0254 0.9997 0.0021
vn -0.0030 0.9998 0.0178
vn -0.0923 0.9957 0.0021
vn -0.2398 0.9708 0.0021
vn -0.5156 0.8568 0.0026
vn -0.5163 0.8561 0.0222
vn -0.5157 0.8530 0.0798
vn -0.5088 0.8405 0.1861
vn -0.0031 0.9852 0.1713
vn -0.0030 0.9979 0.0649
vn 0.2401 0.9706 0.0186
vn 0.0922 0.9956 0.0177
vn 0.0928 0.9936 0.0651
vn 0.2411 0.9681 0.0681
vn 0.0253 0.9995 0.0177
vn 0.0253 0.9976 0.0648
vn 0.0986 0.9800 0.1727
vn 0.2413 0.9555 0.1695
vn 0.0270 0.9847 0.1719
vn 0.2398 0.9708 0.0021
vn 0.0923 0.9957 0.0021
vn 0.0254 0.9997 0.0021
vn 0.0030 1.0000 0.0021
vn 0.0030 0.9998 0.0178
vn 0.0030 0.9979 0.0649
vn 0.0031 0.9852 0.1713
vn 0.0040 0.9182 0.3960
vn 0.0345 0.9168 0.3978
vn 0.1243 0.9093 0.3973
vn 0.2856 0.8783 0.3835
vn -0.0000 0.9998 0.0178
vn -0.0000 0.9979 0.0649
vn -0.0000 0.9852 0.1712
vn -0.0000 1.0000 0.0021
vn -0.0000 0.9184 0.3957
vn 0.2413 0.9555 -0.1695
vn 0.0986 0.9800 -0.1727
vn 0.0928 0.9936 -0.0651
vn 0.2411 0.9681 -0.0681
vn 0.0270 0.9847 -0.1719
vn 0.0253 0.9976 -0.0648
vn 0.0922 0.9956 -0.0177
vn 0.2401 0.9706 -0.0186
vn 0.0253 0.9995 -0.0177
vn 0.5088 0.8405 -0.1861
vn 0.0031 0.9852 -0.1713
vn 0.0030 0.9979 -0.0649
vn 0.0030 0.9998 -0.0178
vn 0.0030 1.0000 -0.0021
vn 0.0254 0.9997 -0.0021
vn 0.0923 0.9957 -0.0021
vn 0.2398 0.9708 -0.0021
vn 0.5163 0.8561 -0.0222
vn 0.5156 0.8568 -0.0026
vn 0.5157 0.8530 -0.0798
vn 0.2397 0.9708 -0.0000
vn 0.0924 0.9957 -0.0000
vn 0.0255 0.9997 -0.0000
vn 0.5154 0.8569 -0.0000
vn 0.0030 1.0000 -0.0000
vn -0.0000 0.9852 -0.1712
vn -0.0000 0.9979 -0.0649
vn -0.0000 0.9998 -0.0178
vn -0.0000 0.9184 -0.3957
vn -0.0040 0.9182 -0.3960
vn -0.0031 0.9852 -0.1713
vn -0.0030 0.9979 -0.0649
vn -0.0030 0.9998 -0.0178
vn -0.0030 1.0000 -0.0021
vn -0.0000 1.0000 -0.0021
vn -0.0000 1.0000 -0.0000
vn -0.0030 1.0000 -0.0000
vn -0.0270 0.9847 -0.1719
vn -0.0986 0.9800 -0.1727
vn -0.0928 0.9936 -0.0651
vn -0.0253 0.9976 -0.0648
vn -0.2413 0.9555 -0.1695
vn -0.2411 0.9681 -0.0681
vn -0.0922 0.9956 -0.0177
vn -0.0253 0.9995 -0.0177
vn -0.2401 0.9706 -0.0186
vn -0.0345 0.9168 -0.3978
vn -0.1243 0.9093 -0.3973
vn -0.2856 0.8783 -0.3835
vn -0.2398 0.9708 -0.0021
vn -0.0923 0.9957 -0.0021
vn -0.0254 0.9997 -0.0021
vn -0.0255 0.9997 -0.0000
vn -0.0924 0.9957 -0.0000
vn -0.2397 0.9708 -0.0000
vn -0.5154 0.8569 -0.0000
vn -0.2401 -0.9706 0.0186
vn -0.0922 -0.9956 0.0177
vn -0.0928 -0.9936 0.0651
vn -0.2411 -0.9681 0.0681
vn -0.0253 -0.9995 0.0177
vn -0.0253 -0.9976 0.0648
vn -0.0986 -0.9800 0.1727
vn -0.2413 -0.9555 0.1695
vn -0.0270 -0.9847 0.1719
vn -0.5156 -0.8568 0.0026
vn -0.2398 -0.9708 0.0021
vn -0.5163 -0.8561 0.0222
vn -0.0923 -0.9957 0.0021
vn -0.0254 -0.9997 0.0021
vn -0.0030 -1.0000 0.0021
vn -0.0030 -0.9998 0.0178
vn -0.0030 -0.9979 0.0649
vn -0.0031 -0.9852 0.1713
vn -0.0040 -0.9182 0.3960
vn -0.0345 -0.9168 0.3978
vn -0.1243 -0.9093 0.3973
vn -0.2856 -0.8783 0.3835
vn -0.5088 -0.8405 0.1861
vn -0.4793 -0.8140 0.3283
vn -0.5157 -0.8530 0.0798
vn -0.0000 -0.9998 0.0178
vn -0.0000 -0.9979 0.0649
vn -0.0000 -0.9852 0.1712
vn -0.0000 -1.0000 0.0021
vn -0.0000 -0.9184 0.3957
vn -0.2413 -0.9555 -0.1695
vn -0.0986 -0.9800 -0.1727
vn -0.0928 -0.9936 -0.0651
vn -0.2411 -0.9681 -0.0681
vn -0.0270 -0.9847 -0.1719
vn -0.0253 -0.9976 -0.0648
vn -0.0922 -0.9956 -0.0177
vn -0.2401 -0.9706 -0.0186
vn -0.0253 -0.9995 -0.0177
vn -0.4793 -0.8140 -0.3283
vn -0.2856 -0.8783 -0.3835
vn -0.5088 -0.8405 -0.1861
vn -0.1243 -0.9093 -0.3973
vn -0.0345 -0.9168 -0.3978
vn -0.0040 -0.9182 -0.3960
vn -0.0031 -0.9852 -0.1713
vn -0.0030 -0.9979 -0.0649
vn -0.0030 -0.9998 -0.0178
vn -0.0030 -1.0000 -0.0021
vn -0.0254 -0.9997 -0.0021
vn -0.0923 -0.9957 -0.0021
vn -0.2398 -0.9708 -0.0021
vn -0.5163 -0.8561 -0.0222
vn -0.5156 -0.8568 -0.0026
vn -0.5157 -0.8530 -0.0798
vn -0.2397 -0.9708 -0.0000
vn -0.0924 -0.9957 -0.0000
vn -0.0255 -0.9997 -0.0000
vn -0.5154 -0.8569 -0.0000
vn -0.0030 -1.0000 -0.0000
vn -0.0000 -0.9852 -0.1712
vn -0.0000 -0.9979 -0.0649
vn -0.0000 -0.9998 -0.0178
vn -0.0000 -0.9184 -0.3957
vn 0.0040 -0.9182 -0.3960
vn 0.0031 -0.9852 -0.1713
vn 0.0030 -0.9979 -0.0649
vn 0.0030 -0.9998 -0.0178
vn 0.0030 -1.0000 -0.0021
vn -0.0000 -1.0000 -0.0021
vn -0.0000 -1.0000 -0.0000
vn 0.0030 -1.0000 -0.0000
vn 0.0270 -0.9847 -0.1719
vn 0.0986 -0.9800 -0.1727
vn 0.0928 -0.9936 -0.0651
vn 0.0253 -0.9976 -0.0648
vn 0.2413 -0.9555 -0.1695
vn 0.2411 -0.9681 -0.0681
vn 0.0922 -0.9956 -0.0177
vn 0.0253 -0.9995 -0.0177
vn 0.2401 -0.9706 -0.0186
vn 0.0345 -0.9168 -0.3978
vn 0.1243 -0.9093 -0.3973
vn 0.2856 -0.8783 -0.3835
vn 0.4793 -0.8140 -0.3283
vn 0.5088 -0.8405 -0.1861
vn 0.5157 -0.8530 -0.0798
vn 0.5163 -0.8561 -0.0222
vn 0.5156 -0.8568 -0.0026
vn 0.2398 -0.9708 -0.0021
vn 0.0923 -0.9957 -0.0021
vn 0.0254 -0.9997 -0.0021
vn 0.0255 -0.9997 -0.0000
vn 0.0924 -0.9957 -0.0000
vn 0.2397 -0.9708 -0.0000
vn 0.5154 -0.8569 -0.0000
vn -0.0479 -0.6984 0.7141
vn -0.0586 -0.3620 0.9303
vn -0.2085 -0.3549 0.9113
vn -0.1714 -0.6880 0.7052
vn -0.0626 -0.1089 0.9921
vn -0.2211 -0.1062 0.9695
vn -0.4783 -0.3361 0.8113
vn -0.3936 -0.6517 0.6483
vn -0.5052 -0.1004 0.8571
vn -0.0056 -0.7013 0.7128
vn -0.0069 -0.3644 0.9312
vn -0.0074 -0.1099 0.9939
vn -0.0075 -0.0131 0.9999
vn -0.0633 -0.0130 0.9979
vn -0.2233 -0.0126 0.9747
vn -0.5092 -0.0118 0.8605
vn -0.8095 -0.0105 0.5870
vn -0.8048 -0.0897 0.5867
vn -0.7694 -0.3029 0.5623
vn -0.6533 -0.5934 0.4703
vn -0.0634 -0.0000 0.9980
vn -0.2235 -0.0000 0.9747
vn -0.5096 -0.0000 0.8604
vn -0.0075 -0.0000 1.0000
vn -0.8098 -0.0000 0.5867
vn 0.3936 -0.6517 0.6483
vn 0.4783 -0.3361 0.8113
vn 0.2085 -0.3549 0.9113
vn 0.1714 -0.6880 0.7052
vn 0.5052 -0.1004 0.8571
vn 0.2211 -0.1062 0.9695
vn 0.0586 -0.3620 0.9303
vn 0.0479 -0.6984 0.7141
vn 0.0626 -0.1089 0.9921
vn 0.6533 -0.5934 0.4703
vn 0.7694 -0.3029 0.5623
vn 0.8048 -0.0897 0.5867
vn 0.8095 -0.0105 0.5870
vn 0.5092 -0.0118 0.8605
vn 0.2233 -0.0126 0.9747
vn 0.0633 -0.0130 0.9979
vn 0.0075 -0.0131 0.9999
vn 0.0074 -0.1099 0.9939
vn 0.0069 -0.3644 0.9312
vn 0.0056 -0.7013 0.7128
vn -0.0000 -0.7018 0.7124
vn -0.0000 -0.3648 0.9311
vn -0.0000 -0.1100 0.9939
vn -0.0000 -0.0132 0.9999
vn 0.5096 -0.0000 0.8604
vn 0.2235 -0.0000 0.9747
vn 0.0634 -0.0000 0.9980
vn 0.8098 -0.0000 0.5867
vn 0.5092 0.0118 0.8605
vn 0.2233 0.0126 0.9747
vn 0.0633 0.0130 0.9979
vn 0.0075 0.0131 0.9999
vn 0.0075 -0.0000 1.0000
vn -0.0000 -0.0000 1.0000
vn -0.0000 0.0132 0.9999
vn 0.5052 0.1004 0.8571
vn 0.4783 0.3361 0.8113
vn 0.2085 0.3549 0.9113
vn 0.2211 0.1062 0.9695
vn 0.3936 0.6517 0.6483
vn 0.1714 0.6880 0.7052
vn 0.0586 0.3620 0.9303
vn 0.0626 0.1089 0.9921
vn 0.0479 0.6984 0.7141
vn 0.0056 0.7013 0.7128
vn 0.0069 0.3644 0.9312
vn 0.0074 0.1099 0.9939
vn -0.0000 0.1100 0.9939
vn -0.0000 0.3648 0.9311
vn -0.0000 0.7018 0.7124
vn 0.8144 -0.5797 0.0270
vn 0.9630 -0.2678 0.0299
vn 0.9573 -0.2676 0.1093
vn 0.8102 -0.5779 0.0977
vn 0.9966 -0.0770 0.0309
vn 0.9907 -0.0765 0.1124
vn 0.9199 -0.2749 0.2796
vn 0.7858 -0.5708 0.2379
vn 0.9542 -0.0794 0.2885
vn 0.8142 -0.5806 0.0031
vn 0.9632 -0.2687 0.0035
vn 0.9970 -0.0774 0.0036
vn 1.0000 -0.0092 0.0037
vn 0.9995 -0.0091 0.0312
vn 0.9936 -0.0090 0.1128
vn 0.9575 -0.0093 0.2884
vn 0.9995 -0.0000 0.0312
vn 0.9936 -0.0000 0.1128
vn 0.9576 -0.0000 0.2882
vn 1.0000 -0.0000 0.0037
vn 0.7858 -0.5708 -0.2379
vn 0.9199 -0.2749 -0.2796
vn 0.9573 -0.2676 -0.1093
vn 0.8102 -0.5779 -0.0977
vn 0.9542 -0.0794 -0.2885
vn 0.9907 -0.0765 -0.1124
vn 0.9630 -0.2678 -0.0299
vn 0.8144 -0.5797 -0.0270
vn 0.9966 -0.0770 -0.0309
vn 0.6533 -0.5934 -0.4703
vn 0.7694 -0.3029 -0.5623
vn 0.8048 -0.0897 -0.5867
vn 0.8095 -0.0105 -0.5870
vn 0.9575 -0.0093 -0.2884
vn 0.9936 -0.0090 -0.1128
vn 0.9995 -0.0091 -0.0312
vn 1.0000 -0.0092 -0.0037
vn 0.9970 -0.0774 -0.0036
vn 0.9632 -0.2687 -0.0035
vn 0.8142 -0.5806 -0.0031
vn 0.8140 -0.5808 -0.0000
vn 0.9632 -0.2689 -0.0000
vn 0.9970 -0.0775 -0.0000
vn 1.0000 -0.0092 -0.0000
vn 0.9576 -0.0000 -0.2882
vn 0.9936 -0.0000 -0.1128
vn 0.9995 -0.0000 -0.0312
vn 0.8098 -0.0000 -0.5867
vn 0.9575 0.0093 -0.2884
vn 0.9936 0.0090 -0.1128
vn 0.9995 0.0091 -0.0312
vn 1.0000 0.0092 -0.0037
vn 1.0000 -0.0000 -0.0037
vn 1.0000 -0.0000 -0.0000
vn 1.0000 0.0092 -0.0000
vn 0.9542 0.0794 -0.2885
vn 0.9199 0.2749 -0.2796
vn 0.9573 0.2676 -0.1093
vn 0.9907 0.0765 -0.1124
vn 0.7858 0.5708 -0.2379
vn 0.8102 0.5779 -0.0977
vn 0.9630 0.2678 -0.0299
vn 0.9966 0.0770 -0.0309
vn 0.8144 0.5797 -0.0270
vn 0.8142 0.5806 -0.0031
vn 0.9632 0.2687 -0.0035
vn 0.9970 0.0774 -0.0036
vn 0.9970 0.0775 -0.0000
vn 0.9632 0.2689 -0.0000
vn 0.8140 0.5808 -0.0000
vn 0.0479 -0.6984 -0.7141
vn 0.0586 -0.3620 -0.9303
vn 0.2085 -0.3549 -0.9114
vn 0.1714 -0.6880 -0.7052
vn 0.0626 -0.1089 -0.9921
vn 0.2211 -0.1062 -0.9695
vn 0.4783 -0.3361 -0.8113
vn 0.3936 -0.6517 -0.6483
vn 0.5052 -0.1004 -0.8571
vn 0.0056 -0.7013 -0.7128
vn 0.0069 -0.3644 -0.9312
vn 0.0074 -0.1099 -0.9939
vn 0.0075 -0.0131 -0.9999
vn 0.0633 -0.0130 -0.9979
vn 0.2233 -0.0126 -0.9747
vn 0.5092 -0.0118 -0.8605
vn 0.0634 -0.0000 -0.9980
vn 0.2235 -0.0000 -0.9747
vn 0.5096 -0.0000 -0.8604
vn 0.0075 -0.0000 -1.0000
vn -0.3936 -0.6517 -0.6483
vn -0.4783 -0.3361 -0.8113
vn -0.2085 -0.3549 -0.9114
vn -0.1714 -0.6880 -0.7052
vn -0.5052 -0.1004 -0.8571
vn -0.2211 -0.1062 -0.9695
vn -0.0586 -0.3620 -0.9303
vn -0.0479 -0.6984 -0.7141
vn -0.0626 -0.1089 -0.9921
vn -0.6533 -0.5934 -0.4703
vn -0.7694 -0.3029 -0.5623
vn -0.8048 -0.0897 -0.5867
vn -0.8095 -0.0105 -0.5870
vn -0.5092 -0.0118 -0.8605
vn -0.2233 -0.0126 -0.9747
vn -0.0633 -0.0130 -0.9979
vn -0.0075 -0.0131 -0.9999
vn -0.0074 -0.1099 -0.9939
vn -0.0069 -0.3644 -0.9312
vn -0.0056 -0.7013 -0.7128
vn -0.0000 -0.7018 -0.7124
vn -0.0000 -0.3648 -0.9311
vn -0.0000 -0.1100 -0.9939
vn -0.0000 -0.0132 -0.9999
vn -0.5096 -0.0000 -0.8604
vn -0.2235 -0.0000 -0.9747
vn -0.0634 -0.0000 -0.9980
vn -0.8098 -0.0000 -0.5867
vn -0.5092 0.0118 -0.8605
vn -0.2233 0.0126 -0.9747
vn -0.0633 0.0130 -0.9979
vn -0.0075 0.0131 -0.9999
vn -0.0075 -0.0000 -1.0000
vn -0.0000 -0.0000 -1.0000
vn -0.0000 0.0132 -0.9999
vn -0.5052 0.1004 -0.8571
vn -0.4783 0.3361 -0.8113
vn -0.2085 0.3549 -0.9114
vn -0.2211 0.1062 -0.9695
vn -0.3936 0.6517 -0.6483
vn -0.1714 0.6880 -0.7052
vn -0.0586 0.3620 -0.9303
vn -0.0626 0.1089 -0.9921
vn -0.0479 0.6984 -0.7141
vn -0.0056 0.7013 -0.7128
vn -0.0069 0.3644 -0.9312
vn -0.0074 0.1099 -0.9939
vn -0.0000 0.1100 -0.9939
vn -0.0000 0.3648 -0.9311
vn -0.0000 0.7018 -0.7124
vn -0.8144 -0.5797 -0.0270
vn -0.9630 -0.2678 -0.0299
vn -0.9573 -0.2676 -0.1093
vn -0.8102 -0.5779 -0.0977
vn -0.9966 -0.0770 -0.0309
vn -0.9907 -0.0765 -0.1124
vn -0.9199 -0.2749 -0.2796
vn -0.7858 -0.5708 -0.2379
vn -0.9542 -0.0794 -0.2885
vn -0.8142 -0.5806 -0.0031
vn -0.9632 -0.2687 -0.0035
vn -0.9970 -0.0774 -0.0036
vn -1.0000 -0.0092 -0.0037
vn -0.9995 -0.0091 -0.0312
vn -0.9936 -0.0090 -0.1128
vn -0.9575 -0.0093 -0.2884
vn -0.9995 -0.0000 -0.0312
vn -0.9936 -0.0000 -0.1128
vn -0.9576 -0.0000 -0.2882
vn -1.0000 -0.0000 -0.0037
vn -0.7858 -0.5708 0.2379
vn -0.9199 -0.2749 0.2796
vn -0.9573 -0.2676 0.1093
vn -0.8102 -0.5779 0.0977
vn -0.9542 -0.0794 0.2885
vn -0.9907 -0.0765 0.1124
vn -0.9630 -0.2678 0.0299
vn -0.8144 -0.5797 0.0270
vn -0.9966 -0.0770 0.0309
vn -0.9575 -0.0093 0.2884
vn -0.9936 -0.0090 0.1128
vn -0.9995 -0.0091 0.0312
vn -1.0000 -0.0092 0.0037
vn -0.9970 -0.0774 0.0036
vn -0.9632 -0.2687 0.0035
vn -0.8142 -0.5806 0.0031
vn -0.8140 -0.5808 -0.0000
vn -0.9632 -0.2689 -0.0000
vn -0.9970 -0.0775 -0.0000
vn -1.0000 -0.0092 -0.0000
vn -0.9576 -0.0000 0.2882
vn -0.9936 -0.0000 0.1128
vn -0.9995 -0.0000 0.0312
vn -0.9575 0.0093 0.2884
vn -0.9936 0.0090 0.1128
vn -0.9995 0.0091 0.0312
vn -1.0000 0.0092 0.0037
vn -1.0000 -0.0000 0.0037
vn -1.0000 -0.0000 -0.0000
vn -1.0000 0.0092 -0.0000
vn -0.9542 0.0794 0.2885
vn -0.9199 0.2749 0.2796
vn -0.9573 0.2676 0.1093
vn -0.9907 0.0765 0.1124
vn -0.7858 0.5708 0.2379
vn -0.8102 0.5779 0.0977
vn -0.9630 0.2678 0.0299
vn -0.9966 0.0770 0.0309
vn -0.8144 0.5797 0.0270
vn -0.8142 0.5806 0.0031
vn -0.9632 0.2687 0.0035
vn -0.9970 0.0774 0.0036
vn -0.9970 0.0775 -0.0000
vn -0.9632 0.2689 -0.0000
vn -0.8140 0.5808 -0.0000
vn -0.0633 -0.3316 -0.9413
vn 0.0638 -0.3315 -0.9413
vn -0.0632 -0.4312 -0.9000
vn 0.0639 -0.4311 -0.9000
vn -0.1874 -0.1805 -0.9656
vn -0.0578 -0.1459 -0.9876
vn 0.0581 -0.1458 -0.9876
vn 0.1876 -0.1802 -0.9656
vn 0.2175 -0.3307 -0.9183
vn 0.2175 -0.4152 -0.8833
vn 0.1879 -0.5551 -0.8103
vn 0.0584 -0.5952 -0.8015
vn -0.0575 -0.5953 -0.8015
vn -0.1871 -0.5554 -0.8103
vn -0.2169 -0.4155 -0.8833
vn -0.2169 -0.3311 -0.9183
vn -0.0628 -0.9001 -0.4311
vn 0.0643 -0.9000 -0.4311
vn -0.0628 -0.9413 -0.3316
vn 0.0643 -0.9412 -0.3316
vn -0.1869 -0.8104 -0.5553
vn -0.0573 -0.8015 -0.5952
vn 0.0586 -0.8014 -0.5952
vn 0.1881 -0.8101 -0.5553
vn 0.2179 -0.8832 -0.4154
vn 0.2179 -0.9182 -0.3309
vn 0.1883 -0.9654 -0.1803
vn 0.0587 -0.9876 -0.1459
vn -0.0572 -0.9877 -0.1459
vn -0.1867 -0.9657 -0.1803
vn -0.2165 -0.9185 -0.3309
vn -0.2165 -0.8835 -0.4154
vn -0.0628 -0.9413 0.3316
vn 0.0643 -0.9412 0.3316
vn -0.0628 -0.9001 0.4311
vn 0.0643 -0.9000 0.4311
vn -0.1867 -0.9657 0.1803
vn -0.0572 -0.9877 0.1459
vn 0.0587 -0.9876 0.1459
vn 0.1883 -0.9654 0.1803
vn 0.2179 -0.9182 0.3309
vn 0.2179 -0.8832 0.4154
vn 0.1881 -0.8101 0.5553
vn 0.0586 -0.8014 0.5952
vn -0.0573 -0.8015 0.5952
vn -0.1869 -0.8104 0.5553
vn -0.2165 -0.8835 0.4154
vn -0.2165 -0.9185 0.3309
vn -0.0632 -0.4312 0.9000
vn 0.0639 -0.4311 0.9000
vn -0.0633 -0.3316 0.9413
vn 0.0638 -0.3315 0.9413
vn -0.1871 -0.5554 0.8103
vn -0.0575 -0.5953 0.8015
vn 0.0584 -0.5952 0.8015
vn 0.1879 -0.5551 0.8103
vn 0.2175 -0.4152 0.8833
vn 0.2175 -0.3307 0.9183
vn 0.1876 -0.1802 0.9656
vn 0.0581 -0.1458 0.9876
vn -0.0578 -0.1459 0.9876
vn -0.1874 -0.1805 0.9656
vn -0.2169 -0.3311 0.9183
vn -0.2169 -0.4155 0.8833
vn -0.0638 0.3315 0.9413
vn 0.0633 0.3316 0.9413
vn -0.0639 0.4311 0.9000
vn 0.0632 0.4312 0.9000
vn -0.1876 0.1802 0.9656
vn -0.0581 0.1458 0.9876
vn 0.0578 0.1459 0.9876
vn 0.1874 0.1805 0.9656
vn 0.2169 0.3311 0.9183
vn 0.2169 0.4155 0.8833
vn 0.1871 0.5554 0.8103
vn 0.0575 0.5953 0.8015
vn -0.0584 0.5952 0.8015
vn -0.1879 0.5551 0.8103
vn -0.2175 0.4152 0.8833
vn -0.2175 0.3307 0.9183
vn -0.0643 0.9000 0.4311
vn 0.0628 0.9001 0.4311
vn -0.0643 0.9412 0.3316
vn 0.0628 0.9413 0.3316
vn -0.1881 0.8101 0.5553
vn -0.0586 0.8014 0.5952
vn 0.0573 0.8015 0.5952
vn 0.1869 0.8104 0.5553
vn 0.2165 0.8835 0.4154
vn 0.2165 0.9185 0.3309
vn 0.1867 0.9657 0.1803
vn 0.0572 0.9877 0.1459
vn -0.0587 0.9876 0.1459
vn -0.1883 0.9654 0.1803
vn -0.2179 0.9182 0.3309
vn -0.2179 0.8832 0.4154
vn 0.8338 -0.3900 -0.3907
vn 0.8335 0.0007 -0.5525
vn 0.8332 0.3913 -0.3907
vn 0.8331 0.5532 -0.0000
vn 0.8332 0.3913 0.3907
vn 0.8335 0.0007 0.5525
vn 0.8338 -0.3900 0.3907
vn 0.8339 -0.5518 -0.0000
vn 0.3903 -0.6509 -0.6512
vn 0.4848 -0.4063 -0.7746
vn 0.4850 -0.7742 -0.4067
vn 0.3898 0.0003 -0.9209
vn 0.4842 0.2605 -0.8353
vn 0.4846 -0.2598 -0.8353
vn 0.3893 0.6515 -0.6512
vn 0.4838 0.7749 -0.4067
vn 0.4841 0.4071 -0.7746
vn 0.3891 0.9212 -0.0000
vn 0.4838 0.8356 0.2601
vn 0.4838 0.8356 -0.2601
vn 0.3893 0.6515 0.6512
vn 0.4841 0.4071 0.7746
vn 0.4838 0.7749 0.4067
vn 0.3898 0.0003 0.9209
vn 0.4846 -0.2598 0.8353
vn 0.4842 0.2605 0.8353
vn 0.3903 -0.6509 0.6512
vn 0.4850 -0.7742 0.4067
vn 0.4848 -0.4063 0.7746
vn 0.3906 -0.9206 -0.0000
vn 0.4851 -0.8349 -0.2601
vn 0.4851 -0.8349 0.2601
vn -0.0643 0.9412 -0.3316
vn 0.0628 0.9413 -0.3316
vn -0.0643 0.9000 -0.4311
vn 0.0628 0.9001 -0.4311
vn -0.1883 0.9654 -0.1803
vn -0.0587 0.9876 -0.1459
vn 0.0572 0.9877 -0.1459
vn 0.1867 0.9657 -0.1803
vn 0.2165 0.9185 -0.3309
vn 0.2165 0.8835 -0.4154
vn 0.1869 0.8104 -0.5553
vn 0.0573 0.8015 -0.5952
vn -0.0586 0.8014 -0.5952
vn -0.1881 0.8101 -0.5553
vn -0.2179 0.8832 -0.4154
vn -0.2179 0.9182 -0.3309
vn -0.0639 0.4311 -0.9000
vn 0.0632 0.4312 -0.9000
vn -0.0638 0.3315 -0.9413
vn 0.0633 0.3316 -0.9413
vn -0.1879 0.5551 -0.8103
vn -0.0584 0.5952 -0.8015
vn 0.0575 0.5953 -0.8015
vn 0.1871 0.5554 -0.8103
vn 0.2169 0.4155 -0.8833
vn 0.2169 0.3311 -0.9183
vn 0.1874 0.1805 -0.9656
vn 0.0578 0.1459 -0.9876
vn -0.0581 0.1458 -0.9876
vn -0.1876 0.1802 -0.9656
vn -0.2175 0.3307 -0.9183
vn -0.2175 0.4152 -0.8833
vn -0.8335 -0.0007 -0.5525
vn -0.8332 -0.3913 -0.3907
vn -0.8331 -0.5532 -0.0000
vn -0.8332 -0.3913 0.3907
vn -0.8335 -0.0007 0.5525
vn -0.8338 0.3900 0.3907
vn -0.8339 0.5518 -0.0000
vn -0.8338 0.3900 -0.3907
vn -0.3898 -0.0003 -0.9209
vn -0.4842 -0.2605 -0.8353
vn -0.4846 0.2597 -0.8353
vn -0.3893 -0.6515 -0.6512
vn -0.4838 -0.7749 -0.4067
vn -0.4841 -0.4071 -0.7746
vn -0.3891 -0.9212 -0.0000
vn -0.4838 -0.8356 0.2601
vn -0.4838 -0.8356 -0.2601
vn -0.3893 -0.6515 0.6512
vn -0.4841 -0.4071 0.7746
vn -0.4838 -0.7749 0.4067
vn -0.3898 -0.0003 0.9209
vn -0.4846 0.2597 0.8353
vn -0.4842 -0.2605 0.8353
vn -0.3903 0.6509 0.6512
vn -0.4850 0.7742 0.4067
vn -0.4848 0.4063 0.7746
vn -0.3906 0.9206 -0.0000
vn -0.4851 0.8349 -0.2601
vn -0.4851 0.8349 0.2601
vn -0.3903 0.6509 -0.6512
vn -0.4848 0.4063 -0.7746
vn -0.4850 0.7742 -0.4067
vn -0.4846 0.2598 0.8353
vn -0.3905 0.9206 -0.0000
vt 0.562500 0.187500
vt 0.583333 0.187500
vt 0.583333 0.208333
vt 0.562500 0.208333
vt 0.604167 0.187500
vt 0.604167 0.208333
vt 0.583333 0.229167
vt 0.562500 0.229167
vt 0.604167 0.229167
vt 0.541667 0.166667
vt 0.562500 0.166667
vt 0.541667 0.187500
vt 0.583333 0.166667
vt 0.604167 0.166667
vt 0.625000 0.166667
vt 0.625000 0.187500
vt 0.625000 0.208333
vt 0.625000 0.229167
vt 0.625000 0.250000
vt 0.604167 0.250000
vt 0.583333 0.250000
vt 0.562500 0.250000
vt 0.541667 0.229167
vt 0.541667 0.250000
vt 0.541667 0.208333
vt 0.562500 0.437500
vt 0.583333 0.437500
vt 0.583333 0.458333
vt 0.562500 0.458333
vt 0.604167 0.437500
vt 0.604167 0.458333
vt 0.583333 0.479167
vt 0.562500 0.479167
vt 0.604167 0.479167
vt 0.541667 0.416667
vt 0.562500 0.416667
vt 0.541667 0.437500
vt 0.583333 0.416667
vt 0.604167 0.416667
vt 0.625000 0.416667
vt 0.625000 0.437500
vt 0.625000 0.458333
vt 0.625000 0.479167
vt 0.625000 0.500000
vt 0.604167 0.500000
vt 0.583333 0.500000
vt 0.562500 0.500000
vt 0.541667 0.479167
vt 0.541667 0.500000
vt 0.541667 0.458333
vt 0.562500 0.687500
vt 0.583333 0.687500
vt 0.583333 0.708333
vt 0.562500 0.708333
vt 0.604167 0.687500
vt 0.604167 0.708333
vt 0.583333 0.729167
vt 0.562500 0.729167
vt 0.604167 0.729167
vt 0.541667 0.666667
vt 0.562500 0.666667
vt 0.541667 0.687500
vt 0.583333 0.666667
vt 0.604167 0.666667
vt 0.625000 0.666667
vt 0.625000 0.687500
vt 0.625000 0.708333
vt 0.625000 0.729167
vt 0.625000 0.750000
vt 0.604167 0.750000
vt 0.583333 0.750000
vt 0.562500 0.750000
vt 0.541667 0.729167
vt 0.541667 0.750000
vt 0.541667 0.708333
vt 0.562500 0.937500
vt 0.583333 0.937500
vt 0.583333 0.958333
vt 0.562500 0.958333
vt 0.604167 0.937500
vt 0.604167 0.958333
vt 0.583333 0.979167
vt 0.562500 0.979167
vt 0.604167 0.979167
vt 0.541667 0.916667
vt 0.562500 0.916667
vt 0.541667 0.937500
vt 0.583333 0.916667
vt 0.604167 0.916667
vt 0.625000 0.916667
vt 0.625000 0.937500
vt 0.625000 0.958333
vt 0.625000 0.979167
vt 0.625000 1.000000
vt 0.604167 1.000000
vt 0.583333 1.000000
vt 0.562500 1.000000
vt 0.541667 0.979167
vt 0.541667 1.000000
vt 0.541667 0.958333
vt 0.312500 0.687500
vt 0.333333 0.687500
vt 0.333333 0.708333
vt 0.312500 0.708333
vt 0.354167 0.687500
vt 0.354167 0.708333
vt 0.333333 0.729167
vt 0.312500 0.729167
vt 0.354167 0.729167
vt 0.291667 0.666667
vt 0.312500 0.666667
vt 0.291667 0.687500
vt 0.333333 0.666667
vt 0.354167 0.666667
vt 0.375000 0.666667
vt 0.375000 0.687500
vt 0.375000 0.708333
vt 0.375000 0.729167
vt 0.375000 0.750000
vt 0.354167 0.750000
vt 0.333333 0.750000
vt 0.312500 0.750000
vt 0.291667 0.729167
vt 0.291667 0.750000
vt 0.291667 0.708333
vt 0.812500 0.687500
vt 0.833333 0.687500
vt 0.833333 0.708333
vt 0.812500 0.708333
vt 0.854167 0.687500
vt 0.854167 0.708333
vt 0.833333 0.729167
vt 0.812500 0.729167
vt 0.854167 0.729167
vt 0.791667 0.666667
vt 0.812500 0.666667
vt 0.791667 0.687500
vt 0.833333 0.666667
vt 0.854167 0.666667
vt 0.875000 0.666667
vt 0.875000 0.687500
vt 0.875000 0.708333
vt 0.875000 0.729167
vt 0.875000 0.750000
vt 0.854167 0.750000
vt 0.833333 0.750000
vt 0.812500 0.750000
vt 0.791667 0.729167
vt 0.791667 0.750000
vt 0.791667 0.708333
vt 0.645833 0.687500
vt 0.666667 0.687500
vt 0.666667 0.708333
vt 0.645833 0.708333
vt 0.687500 0.687500
vt 0.687500 0.708333
vt 0.666667 0.729167
vt 0.645833 0.729167
vt 0.687500 0.729167
vt 0.645833 0.666667
vt 0.666667 0.666667
vt 0.687500 0.666667
vt 0.708333 0.666667
vt 0.708333 0.687500
vt 0.708333 0.708333
vt 0.708333 0.729167
vt 0.708333 0.750000
vt 0.687500 0.750000
vt 0.666667 0.750000
vt 0.645833 0.750000
vt 0.729167 0.687500
vt 0.750000 0.687500
vt 0.750000 0.708333
vt 0.729167 0.708333
vt 0.770833 0.687500
vt 0.770833 0.708333
vt 0.750000 0.729167
vt 0.729167 0.729167
vt 0.770833 0.729167
vt 0.729167 0.666667
vt 0.750000 0.666667
vt 0.770833 0.666667
vt 0.770833 0.750000
vt 0.750000 0.750000
vt 0.729167 0.750000
vt 0.645833 0.520833
vt 0.666667 0.520833
vt 0.666667 0.541667
vt 0.645833 0.541667
vt 0.687500 0.520833
vt 0.687500 0.541667
vt 0.666667 0.562500
vt 0.645833 0.562500
vt 0.687500 0.562500
vt 0.645833 0.500000
vt 0.625000 0.520833
vt 0.666667 0.500000
vt 0.687500 0.500000
vt 0.708333 0.500000
vt 0.708333 0.520833
vt 0.708333 0.541667
vt 0.708333 0.562500
vt 0.708333 0.583333
vt 0.687500 0.583333
vt 0.666667 0.583333
vt 0.645833 0.583333
vt 0.625000 0.562500
vt 0.625000 0.583333
vt 0.625000 0.541667
vt 0.645833 0.604167
vt 0.666667 0.604167
vt 0.666667 0.625000
vt 0.645833 0.625000
vt 0.687500 0.604167
vt 0.687500 0.625000
vt 0.666667 0.645833
vt 0.645833 0.645833
vt 0.687500 0.645833
vt 0.625000 0.583333
vt 0.625000 0.604167
vt 0.666667 0.583333
vt 0.687500 0.583333
vt 0.708333 0.583333
vt 0.708333 0.604167
vt 0.708333 0.625000
vt 0.708333 0.645833
vt 0.708333 0.666667
vt 0.687500 0.666667
vt 0.666667 0.666667
vt 0.645833 0.666667
vt 0.625000 0.645833
vt 0.625000 0.666667
vt 0.625000 0.625000
vt 0.729167 0.520833
vt 0.750000 0.520833
vt 0.750000 0.541667
vt 0.729167 0.541667
vt 0.770833 0.520833
vt 0.770833 0.541667
vt 0.750000 0.562500
vt 0.729167 0.562500
vt 0.770833 0.562500
vt 0.729167 0.500000
vt 0.750000 0.500000
vt 0.770833 0.500000
vt 0.791667 0.500000
vt 0.791667 0.520833
vt 0.791667 0.541667
vt 0.791667 0.562500
vt 0.791667 0.583333
vt 0.770833 0.583333
vt 0.750000 0.583333
vt 0.729167 0.583333
vt 0.729167 0.604167
vt 0.750000 0.604167
vt 0.750000 0.625000
vt 0.729167 0.625000
vt 0.770833 0.604167
vt 0.770833 0.625000
vt 0.750000 0.645833
vt 0.729167 0.645833
vt 0.770833 0.645833
vt 0.729167 0.583333
vt 0.750000 0.583333
vt 0.770833 0.583333
vt 0.791667 0.583333
vt 0.791667 0.604167
vt 0.791667 0.625000
vt 0.791667 0.645833
vt 0.791667 0.666667
vt 0.770833 0.666667
vt 0.750000 0.666667
vt 0.729167 0.666667
vt 0.812500 0.520833
vt 0.833333 0.520833
vt 0.833333 0.541667
vt 0.812500 0.541667
vt 0.854167 0.520833
vt 0.854167 0.541667
vt 0.833333 0.562500
vt 0.812500 0.562500
vt 0.854167 0.562500
vt 0.812500 0.500000
vt 0.833333 0.500000
vt 0.854167 0.500000
vt 0.875000 0.500000
vt 0.875000 0.520833
vt 0.875000 0.541667
vt 0.875000 0.562500
vt 0.875000 0.583333
vt 0.854167 0.583333
vt 0.833333 0.583333
vt 0.812500 0.583333
vt 0.812500 0.604167
vt 0.833333 0.604167
vt 0.833333 0.625000
vt 0.812500 0.625000
vt 0.854167 0.604167
vt 0.854167 0.625000
vt 0.833333 0.645833
vt 0.812500 0.645833
vt 0.854167 0.645833
vt 0.791667 0.604167
vt 0.875000 0.604167
vt 0.875000 0.625000
vt 0.875000 0.645833
vt 0.791667 0.645833
vt 0.145833 0.687500
vt 0.166667 0.687500
vt 0.166667 0.708333
vt 0.145833 0.708333
vt 0.187500 0.687500
vt 0.187500 0.708333
vt 0.166667 0.729167
vt 0.145833 0.729167
vt 0.187500 0.729167
vt 0.125000 0.666667
vt 0.145833 0.666667
vt 0.125000 0.687500
vt 0.166667 0.666667
vt 0.187500 0.666667
vt 0.208333 0.666667
vt 0.208333 0.687500
vt 0.208333 0.708333
vt 0.208333 0.729167
vt 0.208333 0.750000
vt 0.187500 0.750000
vt 0.166667 0.750000
vt 0.145833 0.750000
vt 0.125000 0.729167
vt 0.125000 0.750000
vt 0.125000 0.708333
vt 0.229167 0.687500
vt 0.250000 0.687500
vt 0.250000 0.708333
vt 0.229167 0.708333
vt 0.270833 0.687500
vt 0.270833 0.708333
vt 0.250000 0.729167
vt 0.229167 0.729167
vt 0.270833 0.729167
vt 0.229167 0.666667
vt 0.250000 0.666667
vt 0.270833 0.666667
vt 0.270833 0.750000
vt 0.250000 0.750000
vt 0.229167 0.750000
vt 0.145833 0.520833
vt 0.166667 0.520833
vt 0.166667 0.541667
vt 0.145833 0.541667
vt 0.187500 0.520833
vt 0.187500 0.541667
vt 0.166667 0.562500
vt 0.145833 0.562500
vt 0.187500 0.562500
vt 0.125000 0.500000
vt 0.145833 0.500000
vt 0.125000 0.520833
vt 0.166667 0.500000
vt 0.187500 0.500000
vt 0.208333 0.500000
vt 0.208333 0.520833
vt 0.208333 0.541667
vt 0.208333 0.562500
vt 0.208333 0.583333
vt 0.187500 0.583333
vt 0.166667 0.583333
vt 0.145833 0.583333
vt 0.125000 0.562500
vt 0.125000 0.583333
vt 0.125000 0.541667
vt 0.145833 0.604167
vt 0.166667 0.604167
vt 0.166667 0.625000
vt 0.145833 0.625000
vt 0.187500 0.604167
vt 0.187500 0.625000
vt 0.166667 0.645833
vt 0.145833 0.645833
vt 0.187500 0.645833
vt 0.125000 0.604167
vt 0.208333 0.604167
vt 0.208333 0.625000
vt 0.208333 0.645833
vt 0.125000 0.645833
vt 0.125000 0.625000
vt 0.229167 0.520833
vt 0.250000 0.520833
vt 0.250000 0.541667
vt 0.229167 0.541667
vt 0.270833 0.520833
vt 0.270833 0.541667
vt 0.250000 0.562500
vt 0.229167 0.562500
vt 0.270833 0.562500
vt 0.229167 0.500000
vt 0.250000 0.500000
vt 0.270833 0.500000
vt 0.291667 0.500000
vt 0.291667 0.520833
vt 0.291667 0.541667
vt 0.291667 0.562500
vt 0.291667 0.583333
vt 0.270833 0.583333
vt 0.250000 0.583333
vt 0.229167 0.583333
vt 0.229167 0.604167
vt 0.250000 0.604167
vt 0.250000 0.625000
vt 0.229167 0.625000
vt 0.270833 0.604167
vt 0.270833 0.625000
vt 0.250000 0.645833
vt 0.229167 0.645833
vt 0.270833 0.645833
vt 0.208333 0.583333
vt 0.229167 0.583333
vt 0.208333 0.604167
vt 0.270833 0.583333
vt 0.291667 0.583333
vt 0.291667 0.604167
vt 0.291667 0.625000
vt 0.291667 0.645833
vt 0.291667 0.666667
vt 0.270833 0.666667
vt 0.250000 0.666667
vt 0.229167 0.666667
vt 0.208333 0.645833
vt 0.208333 0.666667
vt 0.312500 0.520833
vt 0.333333 0.520833
vt 0.333333 0.541667
vt 0.312500 0.541667
vt 0.354167 0.520833
vt 0.354167 0.541667
vt 0.333333 0.562500
vt 0.312500 0.562500
vt 0.354167 0.562500
vt 0.312500 0.500000
vt 0.333333 0.500000
vt 0.354167 0.500000
vt 0.375000 0.500000
vt 0.375000 0.520833
vt 0.375000 0.541667
vt 0.375000 0.562500
vt 0.375000 0.583333
vt 0.354167 0.583333
vt 0.333333 0.583333
vt 0.312500 0.583333
vt 0.312500 0.604167
vt 0.333333 0.604167
vt 0.333333 0.625000
vt 0.312500 0.625000
vt 0.354167 0.604167
vt 0.354167 0.625000
vt 0.333333 0.645833
vt 0.312500 0.645833
vt 0.354167 0.645833
vt 0.312500 0.583333
vt 0.333333 0.583333
vt 0.354167 0.583333
vt 0.375000 0.583333
vt 0.375000 0.604167
vt 0.375000 0.625000
vt 0.375000 0.645833
vt 0.375000 0.666667
vt 0.354167 0.666667
vt 0.333333 0.666667
vt 0.312500 0.666667
vt 0.395833 0.937500
vt 0.416667 0.937500
vt 0.416667 0.958333
vt 0.395833 0.958333
vt 0.437500 0.937500
vt 0.437500 0.958333
vt 0.416667 0.979167
vt 0.395833 0.979167
vt 0.437500 0.979167
vt 0.375000 0.916667
vt 0.395833 0.916667
vt 0.375000 0.937500
vt 0.416667 0.916667
vt 0.437500 0.916667
vt 0.458333 0.916667
vt 0.458333 0.937500
vt 0.458333 0.958333
vt 0.458333 0.979167
vt 0.458333 1.000000
vt 0.437500 1.000000
vt 0.416667 1.000000
vt 0.395833 1.000000
vt 0.375000 0.979167
vt 0.375000 1.000000
vt 0.375000 0.958333
vt 0.479167 0.937500
vt 0.500000 0.937500
vt 0.500000 0.958333
vt 0.479167 0.958333
vt 0.520833 0.937500
vt 0.520833 0.958333
vt 0.500000 0.979167
vt 0.479167 0.979167
vt 0.520833 0.979167
vt 0.479167 0.916667
vt 0.500000 0.916667
vt 0.520833 0.916667
vt 0.520833 1.000000
vt 0.500000 1.000000
vt 0.479167 1.000000
vt 0.395833 0.770833
vt 0.416667 0.770833
vt 0.416667 0.791667
vt 0.395833 0.791667
vt 0.437500 0.770833
vt 0.437500 0.791667
vt 0.416667 0.812500
vt 0.395833 0.812500
vt 0.437500 0.812500
vt 0.395833 0.750000
vt 0.375000 0.770833
vt 0.416667 0.750000
vt 0.437500 0.750000
vt 0.458333 0.750000
vt 0.458333 0.770833
vt 0.458333 0.791667
vt 0.458333 0.812500
vt 0.458333 0.833333
vt 0.437500 0.833333
vt 0.416667 0.833333
vt 0.395833 0.833333
vt 0.375000 0.812500
vt 0.375000 0.833333
vt 0.375000 0.791667
vt 0.395833 0.854167
vt 0.416667 0.854167
vt 0.416667 0.875000
vt 0.395833 0.875000
vt 0.437500 0.854167
vt 0.437500 0.875000
vt 0.416667 0.895833
vt 0.395833 0.895833
vt 0.437500 0.895833
vt 0.375000 0.854167
vt 0.458333 0.854167
vt 0.458333 0.875000
vt 0.458333 0.895833
vt 0.375000 0.895833
vt 0.375000 0.875000
vt 0.479167 0.770833
vt 0.500000 0.770833
vt 0.500000 0.791667
vt 0.479167 0.791667
vt 0.520833 0.770833
vt 0.520833 0.791667
vt 0.500000 0.812500
vt 0.479167 0.812500
vt 0.520833 0.812500
vt 0.458333 0.750000
vt 0.479167 0.750000
vt 0.500000 0.750000
vt 0.520833 0.750000
vt 0.541667 0.750000
vt 0.541667 0.770833
vt 0.541667 0.791667
vt 0.541667 0.812500
vt 0.541667 0.833333
vt 0.520833 0.833333
vt 0.500000 0.833333
vt 0.479167 0.833333
vt 0.458333 0.833333
vt 0.479167 0.854167
vt 0.500000 0.854167
vt 0.500000 0.875000
vt 0.479167 0.875000
vt 0.520833 0.854167
vt 0.520833 0.875000
vt 0.500000 0.895833
vt 0.479167 0.895833
vt 0.520833 0.895833
vt 0.458333 0.854167
vt 0.541667 0.854167
vt 0.541667 0.875000
vt 0.541667 0.895833
vt 0.520833 0.916667
vt 0.500000 0.916667
vt 0.479167 0.916667
vt 0.458333 0.895833
vt 0.458333 0.916667
vt 0.458333 0.875000
vt 0.562500 0.770833
vt 0.583333 0.770833
vt 0.583333 0.791667
vt 0.562500 0.791667
vt 0.604167 0.770833
vt 0.604167 0.791667
vt 0.583333 0.812500
vt 0.562500 0.812500
vt 0.604167 0.812500
vt 0.625000 0.770833
vt 0.625000 0.791667
vt 0.625000 0.812500
vt 0.625000 0.833333
vt 0.604167 0.833333
vt 0.583333 0.833333
vt 0.562500 0.833333
vt 0.541667 0.791667
vt 0.562500 0.854167
vt 0.583333 0.854167
vt 0.583333 0.875000
vt 0.562500 0.875000
vt 0.604167 0.854167
vt 0.604167 0.875000
vt 0.583333 0.895833
vt 0.562500 0.895833
vt 0.604167 0.895833
vt 0.541667 0.854167
vt 0.625000 0.854167
vt 0.625000 0.875000
vt 0.625000 0.895833
vt 0.541667 0.895833
vt 0.541667 0.875000
vt 0.395833 0.687500
vt 0.416667 0.687500
vt 0.416667 0.708333
vt 0.395833 0.708333
vt 0.437500 0.687500
vt 0.437500 0.708333
vt 0.416667 0.729167
vt 0.395833 0.729167
vt 0.437500 0.729167
vt 0.395833 0.666667
vt 0.416667 0.666667
vt 0.437500 0.666667
vt 0.458333 0.666667
vt 0.458333 0.687500
vt 0.458333 0.708333
vt 0.458333 0.729167
vt 0.479167 0.687500
vt 0.500000 0.687500
vt 0.500000 0.708333
vt 0.479167 0.708333
vt 0.520833 0.687500
vt 0.520833 0.708333
vt 0.500000 0.729167
vt 0.479167 0.729167
vt 0.520833 0.729167
vt 0.458333 0.666667
vt 0.479167 0.666667
vt 0.458333 0.687500
vt 0.500000 0.666667
vt 0.520833 0.666667
vt 0.541667 0.666667
vt 0.541667 0.687500
vt 0.541667 0.708333
vt 0.541667 0.729167
vt 0.458333 0.729167
vt 0.458333 0.708333
vt 0.395833 0.520833
vt 0.416667 0.520833
vt 0.416667 0.541667
vt 0.395833 0.541667
vt 0.437500 0.520833
vt 0.437500 0.541667
vt 0.416667 0.562500
vt 0.395833 0.562500
vt 0.437500 0.562500
vt 0.395833 0.500000
vt 0.416667 0.500000
vt 0.437500 0.500000
vt 0.458333 0.500000
vt 0.458333 0.520833
vt 0.458333 0.541667
vt 0.458333 0.562500
vt 0.458333 0.583333
vt 0.437500 0.583333
vt 0.416667 0.583333
vt 0.395833 0.583333
vt 0.395833 0.604167
vt 0.416667 0.604167
vt 0.416667 0.625000
vt 0.395833 0.625000
vt 0.437500 0.604167
vt 0.437500 0.625000
vt 0.416667 0.645833
vt 0.395833 0.645833
vt 0.437500 0.645833
vt 0.416667 0.583333
vt 0.437500 0.583333
vt 0.458333 0.583333
vt 0.458333 0.604167
vt 0.458333 0.625000
vt 0.458333 0.645833
vt 0.437500 0.666667
vt 0.416667 0.666667
vt 0.395833 0.666667
vt 0.479167 0.520833
vt 0.500000 0.520833
vt 0.500000 0.541667
vt 0.479167 0.541667
vt 0.520833 0.520833
vt 0.520833 0.541667
vt 0.500000 0.562500
vt 0.479167 0.562500
vt 0.520833 0.562500
vt 0.458333 0.500000
vt 0.479167 0.500000
vt 0.458333 0.520833
vt 0.500000 0.500000
vt 0.520833 0.500000
vt 0.541667 0.500000
vt 0.541667 0.520833
vt 0.541667 0.541667
vt 0.541667 0.562500
vt 0.541667 0.583333
vt 0.520833 0.583333
vt 0.500000 0.583333
vt 0.479167 0.583333
vt 0.458333 0.562500
vt 0.458333 0.541667
vt 0.479167 0.604167
vt 0.500000 0.604167
vt 0.500000 0.625000
vt 0.479167 0.625000
vt 0.520833 0.604167
vt 0.520833 0.625000
vt 0.500000 0.645833
vt 0.479167 0.645833
vt 0.520833 0.645833
vt 0.541667 0.604167
vt 0.541667 0.625000
vt 0.541667 0.645833
vt 0.562500 0.520833
vt 0.583333 0.520833
vt 0.583333 0.541667
vt 0.562500 0.541667
vt 0.604167 0.520833
vt 0.604167 0.541667
vt 0.583333 0.562500
vt 0.562500 0.562500
vt 0.604167 0.562500
vt 0.541667 0.520833
vt 0.604167 0.583333
vt 0.583333 0.583333
vt 0.562500 0.583333
vt 0.541667 0.562500
vt 0.541667 0.583333
vt 0.541667 0.541667
vt 0.562500 0.604167
vt 0.583333 0.604167
vt 0.583333 0.625000
vt 0.562500 0.625000
vt 0.604167 0.604167
vt 0.604167 0.625000
vt 0.583333 0.645833
vt 0.562500 0.645833
vt 0.604167 0.645833
vt 0.562500 0.583333
vt 0.604167 0.583333
vt 0.604167 0.666667
vt 0.583333 0.666667
vt 0.562500 0.666667
vt 0.395833 0.437500
vt 0.416667 0.437500
vt 0.416667 0.458333
vt 0.395833 0.458333
vt 0.437500 0.437500
vt 0.437500 0.458333
vt 0.416667 0.479167
vt 0.395833 0.479167
vt 0.437500 0.479167
vt 0.375000 0.416667
vt 0.395833 0.416667
vt 0.375000 0.437500
vt 0.416667 0.416667
vt 0.437500 0.416667
vt 0.458333 0.416667
vt 0.458333 0.437500
vt 0.458333 0.458333
vt 0.458333 0.479167
vt 0.375000 0.479167
vt 0.375000 0.458333
vt 0.479167 0.437500
vt 0.500000 0.437500
vt 0.500000 0.458333
vt 0.479167 0.458333
vt 0.520833 0.437500
vt 0.520833 0.458333
vt 0.500000 0.479167
vt 0.479167 0.479167
vt 0.520833 0.479167
vt 0.458333 0.416667
vt 0.479167 0.416667
vt 0.458333 0.437500
vt 0.500000 0.416667
vt 0.520833 0.416667
vt 0.541667 0.416667
vt 0.541667 0.437500
vt 0.541667 0.458333
vt 0.541667 0.479167
vt 0.458333 0.479167
vt 0.395833 0.270833
vt 0.416667 0.270833
vt 0.416667 0.291667
vt 0.395833 0.291667
vt 0.437500 0.270833
vt 0.437500 0.291667
vt 0.416667 0.312500
vt 0.395833 0.312500
vt 0.437500 0.312500
vt 0.375000 0.250000
vt 0.395833 0.250000
vt 0.375000 0.270833
vt 0.416667 0.250000
vt 0.437500 0.250000
vt 0.458333 0.250000
vt 0.458333 0.270833
vt 0.458333 0.291667
vt 0.458333 0.312500
vt 0.458333 0.333333
vt 0.437500 0.333333
vt 0.416667 0.333333
vt 0.395833 0.333333
vt 0.375000 0.312500
vt 0.375000 0.333333
vt 0.375000 0.291667
vt 0.395833 0.354167
vt 0.416667 0.354167
vt 0.416667 0.375000
vt 0.395833 0.375000
vt 0.437500 0.354167
vt 0.437500 0.375000
vt 0.416667 0.395833
vt 0.395833 0.395833
vt 0.437500 0.395833
vt 0.375000 0.354167
vt 0.458333 0.354167
vt 0.458333 0.375000
vt 0.458333 0.395833
vt 0.375000 0.395833
vt 0.375000 0.375000
vt 0.479167 0.270833
vt 0.500000 0.270833
vt 0.500000 0.291667
vt 0.479167 0.291667
vt 0.520833 0.270833
vt 0.520833 0.291667
vt 0.500000 0.312500
vt 0.479167 0.312500
vt 0.520833 0.312500
vt 0.458333 0.250000
vt 0.479167 0.250000
vt 0.500000 0.250000
vt 0.520833 0.250000
vt 0.541667 0.270833
vt 0.541667 0.291667
vt 0.541667 0.312500
vt 0.541667 0.333333
vt 0.520833 0.333333
vt 0.500000 0.333333
vt 0.479167 0.333333
vt 0.458333 0.312500
vt 0.458333 0.333333
vt 0.458333 0.291667
vt 0.479167 0.354167
vt 0.500000 0.354167
vt 0.500000 0.375000
vt 0.479167 0.375000
vt 0.520833 0.354167
vt 0.520833 0.375000
vt 0.500000 0.395833
vt 0.479167 0.395833
vt 0.520833 0.395833
vt 0.458333 0.354167
vt 0.541667 0.354167
vt 0.541667 0.375000
vt 0.541667 0.395833
vt 0.458333 0.395833
vt 0.458333 0.375000
vt 0.562500 0.270833
vt 0.583333 0.270833
vt 0.583333 0.291667
vt 0.562500 0.291667
vt 0.604167 0.270833
vt 0.604167 0.291667
vt 0.583333 0.312500
vt 0.562500 0.312500
vt 0.604167 0.312500
vt 0.625000 0.270833
vt 0.625000 0.291667
vt 0.625000 0.312500
vt 0.625000 0.333333
vt 0.604167 0.333333
vt 0.583333 0.333333
vt 0.562500 0.333333
vt 0.541667 0.312500
vt 0.541667 0.333333
vt 0.541667 0.291667
vt 0.562500 0.354167
vt 0.583333 0.354167
vt 0.583333 0.375000
vt 0.562500 0.375000
vt 0.604167 0.354167
vt 0.604167 0.375000
vt 0.583333 0.395833
vt 0.562500 0.395833
vt 0.604167 0.395833
vt 0.541667 0.354167
vt 0.625000 0.354167
vt 0.625000 0.375000
vt 0.625000 0.395833
vt 0.541667 0.395833
vt 0.541667 0.375000
vt 0.395833 0.187500
vt 0.416667 0.187500
vt 0.416667 0.208333
vt 0.395833 0.208333
vt 0.437500 0.187500
vt 0.437500 0.208333
vt 0.416667 0.229167
vt 0.395833 0.229167
vt 0.437500 0.229167
vt 0.375000 0.166667
vt 0.395833 0.166667
vt 0.375000 0.187500
vt 0.416667 0.166667
vt 0.437500 0.166667
vt 0.458333 0.166667
vt 0.458333 0.187500
vt 0.458333 0.208333
vt 0.458333 0.229167
vt 0.375000 0.229167
vt 0.375000 0.208333
vt 0.479167 0.187500
vt 0.500000 0.187500
vt 0.500000 0.208333
vt 0.479167 0.208333
vt 0.520833 0.187500
vt 0.520833 0.208333
vt 0.500000 0.229167
vt 0.479167 0.229167
vt 0.520833 0.229167
vt 0.458333 0.166667
vt 0.479167 0.166667
vt 0.458333 0.187500
vt 0.500000 0.166667
vt 0.520833 0.166667
vt 0.541667 0.187500
vt 0.541667 0.208333
vt 0.458333 0.208333
vt 0.395833 0.020833
vt 0.416667 0.020833
vt 0.416667 0.041667
vt 0.395833 0.041667
vt 0.437500 0.020833
vt 0.437500 0.041667
vt 0.416667 0.062500
vt 0.395833 0.062500
vt 0.437500 0.062500
vt 0.375000 0.000000
vt 0.395833 0.000000
vt 0.375000 0.020833
vt 0.416667 0.000000
vt 0.437500 0.000000
vt 0.458333 0.000000
vt 0.458333 0.020833
vt 0.458333 0.041667
vt 0.458333 0.062500
vt 0.458333 0.083333
vt 0.437500 0.083333
vt 0.416667 0.083333
vt 0.395833 0.083333
vt 0.375000 0.062500
vt 0.375000 0.083333
vt 0.375000 0.041667
vt 0.395833 0.104167
vt 0.416667 0.104167
vt 0.416667 0.125000
vt 0.395833 0.125000
vt 0.437500 0.104167
vt 0.437500 0.125000
vt 0.416667 0.145833
vt 0.395833 0.145833
vt 0.437500 0.145833
vt 0.375000 0.104167
vt 0.458333 0.104167
vt 0.458333 0.125000
vt 0.458333 0.145833
vt 0.375000 0.145833
vt 0.375000 0.125000
vt 0.479167 0.020833
vt 0.500000 0.020833
vt 0.500000 0.041667
vt 0.479167 0.041667
vt 0.520833 0.020833
vt 0.520833 0.041667
vt 0.500000 0.062500
vt 0.479167 0.062500
vt 0.520833 0.062500
vt 0.479167 0.000000
vt 0.500000 0.000000
vt 0.520833 0.000000
vt 0.541667 0.000000
vt 0.541667 0.020833
vt 0.541667 0.041667
vt 0.541667 0.062500
vt 0.541667 0.083333
vt 0.520833 0.083333
vt 0.500000 0.083333
vt 0.479167 0.083333
vt 0.479167 0.104167
vt 0.500000 0.104167
vt 0.500000 0.125000
vt 0.479167 0.125000
vt 0.520833 0.104167
vt 0.520833 0.125000
vt 0.500000 0.145833
vt 0.479167 0.145833
vt 0.520833 0.145833
vt 0.458333 0.083333
vt 0.479167 0.083333
vt 0.458333 0.104167
vt 0.520833 0.083333
vt 0.541667 0.083333
vt 0.541667 0.104167
vt 0.541667 0.125000
vt 0.541667 0.145833
vt 0.458333 0.145833
vt 0.458333 0.125000
vt 0.562500 0.020833
vt 0.583333 0.020833
vt 0.583333 0.041667
vt 0.562500 0.041667
vt 0.604167 0.020833
vt 0.604167 0.041667
vt 0.583333 0.062500
vt 0.562500 0.062500
vt 0.604167 0.062500
vt 0.562500 0.000000
vt 0.583333 0.000000
vt 0.604167 0.000000
vt 0.625000 0.000000
vt 0.625000 0.020833
vt 0.625000 0.041667
vt 0.625000 0.062500
vt 0.625000 0.083333
vt 0.604167 0.083333
vt 0.583333 0.083333
vt 0.562500 0.083333
vt 0.562500 0.104167
vt 0.583333 0.104167
vt 0.583333 0.125000
vt 0.562500 0.125000
vt 0.604167 0.104167
vt 0.604167 0.125000
vt 0.583333 0.145833
vt 0.562500 0.145833
vt 0.604167 0.145833
vt 0.541667 0.104167
vt 0.625000 0.104167
vt 0.625000 0.125000
vt 0.625000 0.145833
vt 0.541667 0.145833
vt 0.541667 0.125000
vt 0.968750 0.625000
vt 0.968750 0.750000
vt 0.937500 0.750000
vt 0.937500 0.625000
vt 0.968750 0.875000
vt 0.937500 0.875000
vt 0.906250 0.750000
vt 0.906250 0.625000
vt 0.906250 0.875000
vt 1.000000 0.500000
vt 1.000000 0.625000
vt 0.968750 0.500000
vt 1.000000 0.750000
vt 1.000000 0.875000
vt 1.000000 1.000000
vt 0.968750 1.000000
vt 0.937500 1.000000
vt 0.906250 1.000000
vt 0.875000 1.000000
vt 0.875000 0.875000
vt 0.875000 0.750000
vt 0.875000 0.625000
vt 0.906250 0.500000
vt 0.875000 0.500000
vt 0.937500 0.500000
vt 0.843750 0.625000
vt 0.843750 0.750000
vt 0.812500 0.750000
vt 0.812500 0.625000
vt 0.843750 0.875000
vt 0.812500 0.875000
vt 0.781250 0.750000
vt 0.781250 0.625000
vt 0.781250 0.875000
vt 0.843750 0.500000
vt 0.843750 1.000000
vt 0.812500 1.000000
vt 0.781250 1.000000
vt 0.750000 1.000000
vt 0.750000 0.875000
vt 0.750000 0.750000
vt 0.750000 0.625000
vt 0.781250 0.500000
vt 0.750000 0.500000
vt 0.812500 0.500000
vt 0.718750 0.625000
vt 0.718750 0.750000
vt 0.687500 0.750000
vt 0.687500 0.625000
vt 0.718750 0.875000
vt 0.687500 0.875000
vt 0.656250 0.750000
vt 0.656250 0.625000
vt 0.656250 0.875000
vt 0.718750 0.500000
vt 0.718750 1.000000
vt 0.687500 1.000000
vt 0.656250 1.000000
vt 0.625000 1.000000
vt 0.625000 0.875000
vt 0.625000 0.750000
vt 0.625000 0.625000
vt 0.656250 0.500000
vt 0.593750 0.625000
vt 0.593750 0.750000
vt 0.562500 0.750000
vt 0.562500 0.625000
vt 0.593750 0.875000
vt 0.562500 0.875000
vt 0.531250 0.750000
vt 0.531250 0.625000
vt 0.531250 0.875000
vt 0.593750 0.500000
vt 0.593750 1.000000
vt 0.531250 1.000000
vt 0.500000 1.000000
vt 0.500000 0.875000
vt 0.500000 0.750000
vt 0.500000 0.625000
vt 0.531250 0.500000
vt 0.500000 0.500000
vt 0.468750 0.625000
vt 0.468750 0.750000
vt 0.437500 0.750000
vt 0.437500 0.625000
vt 0.468750 0.875000
vt 0.437500 0.875000
vt 0.406250 0.750000
vt 0.406250 0.625000
vt 0.406250 0.875000
vt 0.468750 0.500000
vt 0.468750 1.000000
vt 0.406250 1.000000
vt 0.375000 1.000000
vt 0.375000 0.750000
vt 0.375000 0.625000
vt 0.406250 0.500000
vt 0.343750 0.625000
vt 0.343750 0.750000
vt 0.312500 0.750000
vt 0.312500 0.625000
vt 0.343750 0.875000
vt 0.312500 0.875000
vt 0.281250 0.750000
vt 0.281250 0.625000
vt 0.281250 0.875000
vt 0.343750 0.500000
vt 0.343750 1.000000
vt 0.312500 1.000000
vt 0.281250 1.000000
vt 0.250000 1.000000
vt 0.250000 0.875000
vt 0.250000 0.750000
vt 0.250000 0.625000
vt 0.281250 0.500000
vt 0.250000 0.500000
vt 0.367698 0.367698
vt 0.301054 0.373256
vt 0.250000 0.250000
vt 0.373256 0.301054
vt 0.250000 0.416450
vt 0.198946 0.373256
vt 0.132302 0.367698
vt 0.126744 0.301054
vt 0.198946 0.373256
vt 0.083550 0.250000
vt 0.126744 0.198946
vt 0.132302 0.132302
vt 0.198946 0.126744
vt 0.250000 0.083550
vt 0.301054 0.126744
vt 0.198946 0.126744
vt 0.367698 0.132302
vt 0.373256 0.198946
vt 0.416450 0.250000
vt 0.373256 0.301054
vt 0.373256 0.198946
vt 0.419706 0.419706
vt 0.377279 0.437279
vt 0.437279 0.377279
vt 0.334853 0.454853
vt 0.454853 0.334853
vt 0.250000 0.490000
vt 0.207574 0.472426
vt 0.292426 0.472426
vt 0.165147 0.454853
vt 0.334853 0.454853
vt 0.080294 0.419706
vt 0.062721 0.377279
vt 0.122721 0.437279
vt 0.045147 0.334853
vt 0.165147 0.454853
vt 0.010000 0.250000
vt 0.027574 0.207574
vt 0.027574 0.292426
vt 0.045147 0.165147
vt 0.045147 0.334853
vt 0.080294 0.080294
vt 0.122721 0.062721
vt 0.062721 0.122721
vt 0.165147 0.045147
vt 0.045147 0.165147
vt 0.250000 0.010000
vt 0.292426 0.027574
vt 0.207574 0.027574
vt 0.334853 0.045147
vt 0.165147 0.045147
vt 0.419706 0.080294
vt 0.437279 0.122721
vt 0.377279 0.062721
vt 0.454853 0.165147
vt 0.334853 0.045147
vt 0.490000 0.250000
vt 0.472426 0.292426
vt 0.472426 0.207574
vt 0.454853 0.334853
vt 0.454853 0.165147
vt 0.218750 0.625000
vt 0.218750 0.750000
vt 0.187500 0.750000
vt 0.187500 0.625000
vt 0.218750 0.875000
vt 0.187500 0.875000
vt 0.156250 0.750000
vt 0.156250 0.625000
vt 0.156250 0.875000
vt 0.218750 0.500000
vt 0.218750 1.000000
vt 0.187500 1.000000
vt 0.156250 1.000000
vt 0.125000 1.000000
vt 0.125000 0.875000
vt 0.156250 0.500000
vt 0.125000 0.500000
vt 0.187500 0.500000
vt 0.093750 0.625000
vt 0.093750 0.750000
vt 0.062500 0.750000
vt 0.062500 0.625000
vt 0.093750 0.875000
vt 0.062500 0.875000
vt 0.031250 0.750000
vt 0.031250 0.625000
vt 0.031250 0.875000
vt 0.093750 0.500000
vt 0.093750 1.000000
vt 0.062500 1.000000
vt 0.031250 1.000000
vt 0.000000 1.000000
vt 0.000000 0.875000
vt 0.000000 0.750000
vt 0.000000 0.625000
vt 0.031250 0.500000
vt 0.000000 0.500000
vt 0.062500 0.500000
vt 0.750000 0.416450
vt 0.801054 0.373256
vt 0.750000 0.250000
vt 0.698946 0.373256
vt 0.867698 0.367698
vt 0.873256 0.301054
vt 0.801054 0.373256
vt 0.916450 0.250000
vt 0.873256 0.198946
vt 0.873256 0.301054
vt 0.867698 0.132302
vt 0.801054 0.126744
vt 0.873256 0.198946
vt 0.750000 0.083550
vt 0.698946 0.126744
vt 0.632302 0.132302
vt 0.626744 0.198946
vt 0.583550 0.250000
vt 0.626744 0.301054
vt 0.626744 0.198946
vt 0.632302 0.367698
vt 0.698946 0.373256
vt 0.626744 0.301054
vt 0.750000 0.490000
vt 0.792426 0.472426
vt 0.707574 0.472426
vt 0.834853 0.454853
vt 0.665147 0.454853
vt 0.919706 0.419706
vt 0.937279 0.377279
vt 0.877279 0.437279
vt 0.954853 0.334853
vt 0.990000 0.250000
vt 0.972427 0.207574
vt 0.972427 0.292426
vt 0.954853 0.165147
vt 0.954853 0.334853
vt 0.919706 0.080294
vt 0.877279 0.062721
vt 0.937279 0.122721
vt 0.834853 0.045147
vt 0.954853 0.165147
vt 0.750000 0.010000
vt 0.707574 0.027574
vt 0.792426 0.027574
vt 0.665147 0.045147
vt 0.580294 0.080294
vt 0.562721 0.122721
vt 0.622721 0.062721
vt 0.545147 0.165147
vt 0.510000 0.250000
vt 0.527574 0.292426
vt 0.527574 0.207574
vt 0.545147 0.334853
vt 0.545147 0.165147
vt 0.580294 0.419706
vt 0.622721 0.437279
vt 0.562721 0.377279
vt 0.545147 0.334853
s 1
usemtl TShirt_Material_Detailed
f 557/1/1 558/2/2 561/3/3 560/4/4
f 558/2/2 559/5/5 562/6/6 561/3/3
f 560/4/4 561/3/3 564/7/7 563/8/8
f 561/3/3 562/6/6 565/9/9 564/7/7
f 56/10/10 412/11/11 557/1/1 386/12/12
f 412/11/11 411/13/13 558/2/2 557/1/1
f 411/13/13 410/14/14 559/5/5 558/2/2
f 410/14/14 14/15/15 95/16/16 559/5/5
f 559/5/5 95/16/16 96/17/17 562/6/6
f 562/6/6 96/17/17 97/18/18 565/9/9
f 565/9/9 97/18/18 4/19/19 143/20/20
f 564/7/7 565/9/9 143/20/20 144/21/21
f 563/8/8 564/7/7 144/21/21 145/22/22
f 388/23/23 563/8/8 145/22/22 15/24/24
f 387/25/25 560/4/4 563/8/8 388/23/23
f 386/12/12 557/1/1 560/4/4 387/25/25
f 566/26/26 567/27/27 570/28/28 569/29/29
f 567/27/27 568/30/30 571/31/31 570/28/28
f 569/29/29 570/28/28 573/32/32 572/33/33
f 570/28/28 571/31/31 574/34/34 573/32/32
f 52/35/35 376/36/36 566/26/26 350/37/37
f 376/36/36 375/38/38 567/27/27 566/26/26
f 375/38/38 374/39/39 568/30/30 567/27/27
f 374/39/39 20/40/40 104/41/41 568/30/30
f 568/30/30 104/41/41 105/42/42 571/31/31
f 571/31/31 105/42/42 106/43/43 574/34/34
f 574/34/34 106/43/43 8/44/44 161/45/45
f 573/32/32 574/34/34 161/45/45 162/46/46
f 572/33/33 573/32/32 162/46/46 163/47/47
f 352/48/48 572/33/33 163/47/47 21/49/49
f 351/50/50 569/29/29 572/33/33 352/48/48
f 350/37/37 566/26/26 569/29/29 351/50/50
f 575/51/51 576/52/52 579/53/53 578/54/54
f 576/52/52 577/55/55 580/56/56 579/53/53
f 578/54/54 579/53/53 582/57/57 581/58/58
f 579/53/53 580/56/56 583/59/59 582/57/57
f 48/60/60 340/61/61 575/51/51 314/62/62
f 340/61/61 339/63/63 576/52/52 575/51/51
f 339/63/63 338/64/64 577/55/55 576/52/52
f 338/64/64 26/65/65 113/66/66 577/55/55
f 577/55/55 113/66/66 114/67/67 580/56/56
f 580/56/56 114/67/67 115/68/68 583/59/59
f 583/59/59 115/68/68 6/69/69 179/70/70
f 582/57/57 583/59/59 179/70/70 180/71/71
f 581/58/58 582/57/57 180/71/71 181/72/72
f 316/73/73 581/58/58 181/72/72 27/74/74
f 315/75/75 578/54/54 581/58/58 316/73/73
f 314/62/62 575/51/51 578/54/54 315/75/75
f 584/76/76 585/77/77 588/78/78 587/79/79
f 585/77/77 586/80/80 589/81/81 588/78/78
f 587/79/79 588/78/78 591/82/82 590/83/83
f 588/78/78 589/81/81 592/84/84 591/82/82
f 44/85/85 304/86/86 584/76/76 278/87/87
f 304/86/86 303/88/88 585/77/77 584/76/76
f 303/88/88 302/89/89 586/80/80 585/77/77
f 302/89/89 32/90/90 122/91/91 586/80/80
f 586/80/80 122/91/91 123/92/92 589/81/81
f 589/81/81 123/92/92 124/93/93 592/84/84
f 592/84/84 124/93/93 2/94/94 94/95/95
f 591/82/82 592/84/84 94/95/95 93/96/96
f 590/83/83 591/82/82 93/96/96 92/97/97
f 280/98/98 590/83/83 92/97/97 12/99/99
f 279/100/100 587/79/79 590/83/83 280/98/98
f 278/87/87 584/76/76 587/79/79 279/100/100
f 593/101/101 594/102/102 597/103/103 596/104/104
f 594/102/102 595/105/105 598/106/106 597/103/103
f 596/104/104 597/103/103 600/107/107 599/108/108
f 597/103/103 598/106/106 601/109/109 600/107/107
f 40/110/110 268/111/111 593/101/101 242/112/112
f 268/111/111 267/113/113 594/102/102 593/101/101
f 267/113/113 266/114/114 595/105/105 594/102/102
f 266/114/114 23/115/115 169/116/116 595/105/105
f 595/105/105 169/116/116 168/117/117 598/106/106
f 598/106/106 168/117/117 167/118/118 601/109/109
f 601/109/109 167/118/118 5/119/119 121/120/120
f 600/107/107 601/109/109 121/120/120 120/121/121
f 599/108/108 600/107/107 120/121/121 119/122/122
f 244/123/123 599/108/108 119/122/122 30/124/124
f 243/125/125 596/104/104 599/108/108 244/123/123
f 242/112/112 593/101/101 596/104/104 243/125/125
f 602/126/126 603/127/127 606/128/128 605/129/129
f 603/127/127 604/130/130 607/131/131 606/128/128
f 605/129/129 606/128/128 609/132/132 608/133/133
f 606/128/128 607/131/131 610/134/134 609/132/132
f 36/135/135 232/136/136 602/126/126 206/137/137
f 232/136/136 231/138/138 603/127/127 602/126/126
f 231/138/138 230/139/139 604/130/130 603/127/127
f 230/139/139 13/140/140 139/141/141 604/130/130
f 604/130/130 139/141/141 138/142/142 607/131/131
f 607/131/131 138/142/142 137/143/143 610/134/134
f 610/134/134 137/143/143 2/144/94 124/145/93
f 609/132/132 610/134/134 124/145/93 123/146/92
f 608/133/133 609/132/132 123/146/92 122/147/91
f 208/148/144 608/133/133 122/147/91 32/149/90
f 207/150/145 605/129/129 608/133/133 208/148/144
f 206/137/137 602/126/126 605/129/129 207/150/145
f 611/151/146 612/152/147 615/153/148 614/154/149
f 612/152/147 613/155/150 616/156/151 615/153/148
f 614/154/149 615/153/148 618/157/152 617/158/153
f 615/153/148 616/156/151 619/159/154 618/157/152
f 26/65/65 220/160/155 611/151/146 113/66/66
f 220/160/155 219/161/156 612/152/147 611/151/146
f 219/161/156 218/162/157 613/155/150 612/152/147
f 218/162/157 34/163/158 197/164/159 613/155/150
f 613/155/150 197/164/159 198/165/160 616/156/151
f 616/156/151 198/165/160 199/166/161 619/159/154
f 619/159/154 199/166/161 31/167/162 193/168/163
f 618/157/152 619/159/154 193/168/163 192/169/164
f 617/158/153 618/157/152 192/169/164 191/170/165
f 115/68/68 617/158/153 191/170/165 6/69/69
f 114/67/67 614/154/149 617/158/153 115/68/68
f 113/66/66 611/151/146 614/154/149 114/67/67
f 620/171/166 621/172/166 624/173/167 623/174/167
f 621/172/166 622/175/166 625/176/167 624/173/167
f 623/174/167 624/173/167 627/177/168 626/178/168
f 624/173/167 625/176/167 628/179/168 627/177/168
f 34/163/158 226/180/169 620/171/166 197/164/159
f 226/180/169 225/181/169 621/172/166 620/171/166
f 225/181/169 224/182/169 622/175/166 621/172/166
f 224/182/169 36/135/135 206/137/137 622/175/166
f 622/175/166 206/137/137 207/150/145 625/176/167
f 625/176/167 207/150/145 208/148/144 628/179/168
f 628/179/168 208/148/144 32/149/90 196/183/170
f 627/177/168 628/179/168 196/183/170 195/184/170
f 626/178/168 627/177/168 195/184/170 194/185/170
f 199/166/161 626/178/168 194/185/170 31/167/162
f 198/165/160 623/174/167 626/178/168 199/166/161
f 197/164/159 620/171/166 623/174/167 198/165/160
f 629/186/171 630/187/172 633/188/173 632/189/174
f 630/187/172 631/190/175 634/191/176 633/188/173
f 632/189/174 633/188/173 636/192/177 635/193/178
f 633/188/173 634/191/176 637/194/179 636/192/177
f 8/44/44 106/195/43 629/186/171 173/196/180
f 106/195/43 105/197/42 630/187/172 629/186/171
f 105/197/42 104/198/41 631/190/175 630/187/172
f 104/198/41 20/199/40 200/200/181 631/190/175
f 631/190/175 200/200/181 201/201/182 634/191/176
f 634/191/176 201/201/182 202/202/183 637/194/179
f 637/194/179 202/202/183 33/203/184 215/204/185
f 636/192/177 637/194/179 215/204/185 216/205/186
f 635/193/178 636/192/177 216/205/186 217/206/187
f 175/207/188 635/193/178 217/206/187 25/208/189
f 174/209/190 632/189/174 635/193/178 175/207/188
f 173/196/180 629/186/171 632/189/174 174/209/190
f 638/210/191 639/211/192 642/212/192 641/213/191
f 639/211/192 640/214/193 643/215/193 642/212/192
f 641/213/191 642/212/192 645/216/192 644/217/191
f 642/212/192 643/215/193 646/218/193 645/216/192
f 25/219/189 217/206/187 638/210/191 176/220/194
f 217/206/187 216/221/186 639/211/192 638/210/191
f 216/221/186 215/222/185 640/214/193 639/211/192
f 215/222/185 33/223/184 203/224/195 640/214/193
f 640/214/193 203/224/195 204/225/195 643/215/193
f 643/215/193 204/225/195 205/226/195 646/218/193
f 646/218/193 205/226/195 34/227/158 218/228/157
f 645/216/192 646/218/193 218/228/157 219/229/156
f 644/217/191 645/216/192 219/229/156 220/230/155
f 178/231/194 644/217/191 220/230/155 26/232/65
f 177/233/194 641/213/191 644/217/191 178/231/194
f 176/220/194 638/210/191 641/213/191 177/233/194
f 647/234/196 648/235/196 651/236/197 650/237/197
f 648/235/196 649/238/196 652/239/197 651/236/197
f 650/237/197 651/236/197 654/240/198 653/241/198
f 651/236/197 652/239/197 655/242/198 654/240/198
f 20/199/40 160/243/199 647/234/196 200/200/181
f 160/243/199 159/244/199 648/235/196 647/234/196
f 159/244/199 158/245/199 649/238/196 648/235/196
f 158/245/199 19/246/200 209/247/201 649/238/196
f 649/238/196 209/247/201 210/248/202 652/239/197
f 652/239/197 210/248/202 211/249/203 655/242/198
f 655/242/198 211/249/203 35/250/204 221/251/205
f 654/240/198 655/242/198 221/251/205 222/252/205
f 653/241/198 654/240/198 222/252/205 223/253/205
f 202/202/183 653/241/198 223/253/205 33/203/184
f 201/201/182 650/237/197 653/241/198 202/202/183
f 200/200/181 647/234/196 650/237/197 201/201/182
f 656/254/206 657/255/206 660/256/206 659/257/206
f 657/255/206 658/258/206 661/259/206 660/256/206
f 659/257/206 660/256/206 663/260/206 662/261/206
f 660/256/206 661/259/206 664/262/206 663/260/206
f 33/223/184 223/263/205 656/254/206 203/224/195
f 223/263/205 222/264/205 657/255/206 656/254/206
f 222/264/205 221/265/205 658/258/206 657/255/206
f 221/265/205 35/266/204 212/267/207 658/258/206
f 658/258/206 212/267/207 213/268/207 661/259/206
f 661/259/206 213/268/207 214/269/207 664/262/206
f 664/262/206 214/269/207 36/270/135 224/271/169
f 663/260/206 664/262/206 224/271/169 225/272/169
f 662/261/206 663/260/206 225/272/169 226/273/169
f 205/226/195 662/261/206 226/273/169 34/227/158
f 204/225/195 659/257/206 662/261/206 205/226/195
f 203/224/195 656/254/206 659/257/206 204/225/195
f 665/274/208 666/275/209 669/276/210 668/277/211
f 666/275/209 667/278/212 670/279/213 669/276/210
f 668/277/211 669/276/210 672/280/214 671/281/215
f 669/276/210 670/279/213 673/282/216 672/280/214
f 19/246/200 157/283/217 665/274/208 209/247/201
f 157/283/217 156/284/218 666/275/209 665/274/208
f 156/284/218 155/285/219 667/278/212 666/275/209
f 155/285/219 4/286/19 97/287/18 667/278/212
f 667/278/212 97/287/18 96/288/17 670/279/213
f 670/279/213 96/288/17 95/289/16 673/282/216
f 673/282/216 95/289/16 14/290/15 227/291/220
f 672/280/214 673/282/216 227/291/220 228/292/221
f 671/281/215 672/280/214 228/292/221 229/293/222
f 211/249/203 671/281/215 229/293/222 35/250/204
f 210/248/202 668/277/211 671/281/215 211/249/203
f 209/247/201 665/274/208 668/277/211 210/248/202
f 674/294/223 675/295/224 678/296/224 677/297/223
f 675/295/224 676/298/225 679/299/225 678/296/224
f 677/297/223 678/296/224 681/300/224 680/301/223
f 678/296/224 679/299/225 682/302/225 681/300/224
f 35/250/204 229/293/222 674/294/223 212/303/207
f 229/293/222 228/292/221 675/295/224 674/294/223
f 228/292/221 227/291/220 676/298/225 675/295/224
f 227/291/220 14/290/15 142/304/226 676/298/225
f 676/298/225 142/304/226 141/305/226 679/299/225
f 679/299/225 141/305/226 140/306/226 682/302/225
f 682/302/225 140/306/226 13/140/140 230/139/139
f 681/300/224 682/302/225 230/139/139 231/138/138
f 680/301/223 681/300/224 231/138/138 232/136/136
f 214/307/207 680/301/223 232/136/136 36/135/135
f 213/268/207 677/297/223 680/301/223 214/307/207
f 212/303/207 674/294/223 677/297/223 213/268/207
f 683/308/227 684/309/228 687/310/229 686/311/230
f 684/309/228 685/312/231 688/313/232 687/310/229
f 686/311/230 687/310/229 690/314/233 689/315/234
f 687/310/229 688/313/232 691/316/235 690/314/233
f 10/317/236 256/318/237 683/308/227 89/319/238
f 256/318/237 255/320/239 684/309/228 683/308/227
f 255/320/239 254/321/240 685/312/231 684/309/228
f 254/321/240 38/322/241 233/323/242 685/312/231
f 685/312/231 233/323/242 234/324/243 688/313/232
f 688/313/232 234/324/243 235/325/244 691/316/235
f 691/316/235 235/325/244 29/326/245 187/327/246
f 690/314/233 691/316/235 187/327/246 186/328/247
f 689/315/234 690/314/233 186/328/247 185/329/248
f 91/330/249 689/315/234 185/329/248 1/331/250
f 90/332/251 686/311/230 689/315/234 91/330/249
f 89/319/238 683/308/227 686/311/230 90/332/251
f 692/333/252 693/334/252 696/335/253 695/336/253
f 693/334/252 694/337/252 697/338/253 696/335/253
f 695/336/253 696/335/253 699/339/254 698/340/254
f 696/335/253 697/338/253 700/341/254 699/339/254
f 38/322/241 262/342/255 692/333/252 233/323/242
f 262/342/255 261/343/255 693/334/252 692/333/252
f 261/343/255 260/344/255 694/337/252 693/334/252
f 260/344/255 40/110/110 242/112/112 694/337/252
f 694/337/252 242/112/112 243/125/125 697/338/253
f 697/338/253 243/125/125 244/123/123 700/341/254
f 700/341/254 244/123/123 30/124/124 190/345/256
f 699/339/254 700/341/254 190/345/256 189/346/256
f 698/340/254 699/339/254 189/346/256 188/347/256
f 235/325/244 698/340/254 188/347/256 29/326/245
f 234/324/243 695/336/253 698/340/254 235/325/244
f 233/323/242 692/333/252 695/336/253 234/324/243
f 701/348/257 702/349/258 705/350/259 704/351/260
f 702/349/258 703/352/261 706/353/262 705/350/259
f 704/351/260 705/350/259 708/354/263 707/355/264
f 705/350/259 706/353/262 709/356/265 708/354/263
f 3/357/266 103/358/267 701/348/257 125/359/268
f 103/358/267 102/360/269 702/349/258 701/348/257
f 102/360/269 101/361/270 703/352/261 702/349/258
f 101/361/270 18/362/271 236/363/272 703/352/261
f 703/352/261 236/363/272 237/364/273 706/353/262
f 706/353/262 237/364/273 238/365/274 709/356/265
f 709/356/265 238/365/274 37/366/275 251/367/276
f 708/354/263 709/356/265 251/367/276 252/368/277
f 707/355/264 708/354/263 252/368/277 253/369/278
f 127/370/279 707/355/264 253/369/278 9/371/280
f 126/372/281 704/351/260 707/355/264 127/370/279
f 125/359/268 701/348/257 704/351/260 126/372/281
f 710/373/282 711/374/283 714/375/283 713/376/282
f 711/374/283 712/377/284 715/378/284 714/375/283
f 713/376/282 714/375/283 717/379/283 716/380/282
f 714/375/283 715/378/284 718/381/284 717/379/283
f 9/371/280 253/369/278 710/373/282 128/382/285
f 253/369/278 252/368/277 711/374/283 710/373/282
f 252/368/277 251/367/276 712/377/284 711/374/283
f 251/367/276 37/366/275 239/383/286 712/377/284
f 712/377/284 239/383/286 240/384/286 715/378/284
f 715/378/284 240/384/286 241/385/286 718/381/284
f 718/381/284 241/385/286 38/322/241 254/321/240
f 717/379/283 718/381/284 254/321/240 255/320/239
f 716/380/282 717/379/283 255/320/239 256/318/237
f 130/386/285 716/380/282 256/318/237 10/317/236
f 129/387/285 713/376/282 716/380/282 130/386/285
f 128/382/285 710/373/282 713/376/282 129/387/285
f 719/388/287 720/389/287 723/390/288 722/391/288
f 720/389/287 721/392/287 724/393/288 723/390/288
f 722/391/288 723/390/288 726/394/289 725/395/289
f 723/390/288 724/393/288 727/396/289 726/394/289
f 18/362/271 154/397/290 719/388/287 236/363/272
f 154/397/290 153/398/290 720/389/287 719/388/287
f 153/398/290 152/399/290 721/392/287 720/389/287
f 152/399/290 17/400/291 245/401/292 721/392/287
f 721/392/287 245/401/292 246/402/293 724/393/288
f 724/393/288 246/402/293 247/403/294 727/396/289
f 727/396/289 247/403/294 39/404/295 257/405/296
f 726/394/289 727/396/289 257/405/296 258/406/296
f 725/395/289 726/394/289 258/406/296 259/407/296
f 238/365/274 725/395/289 259/407/296 37/366/275
f 237/364/273 722/391/288 725/395/289 238/365/274
f 236/363/272 719/388/287 722/391/288 237/364/273
f 728/408/297 729/409/297 732/410/297 731/411/297
f 729/409/297 730/412/297 733/413/297 732/410/297
f 731/411/297 732/410/297 735/414/297 734/415/297
f 732/410/297 733/413/297 736/416/297 735/414/297
f 37/417/275 259/418/296 728/408/297 239/419/286
f 259/418/296 258/406/296 729/409/297 728/408/297
f 258/406/296 257/420/296 730/412/297 729/409/297
f 257/420/296 39/421/295 248/422/298 730/412/297
f 730/412/297 248/422/298 249/423/298 733/413/297
f 733/413/297 249/423/298 250/424/298 736/416/297
f 736/416/297 250/424/298 40/425/110 260/426/255
f 735/414/297 736/416/297 260/426/255 261/427/255
f 734/415/297 735/414/297 261/427/255 262/428/255
f 241/429/286 734/415/297 262/428/255 38/430/241
f 240/384/286 731/411/297 734/415/297 241/429/286
f 239/419/286 728/408/297 731/411/297 240/384/286
f 737/431/299 738/432/300 741/433/301 740/434/302
f 738/432/300 739/435/303 742/436/304 741/433/301
f 740/434/302 741/433/301 744/437/305 743/438/306
f 741/433/301 742/436/304 745/439/307 744/437/305
f 17/400/291 151/440/308 737/431/299 245/401/292
f 151/440/308 150/441/309 738/432/300 737/431/299
f 150/441/309 149/442/310 739/435/303 738/432/300
f 149/442/310 7/443/311 112/444/312 739/435/303
f 739/435/303 112/444/312 111/445/313 742/436/304
f 742/436/304 111/445/313 110/446/314 745/439/307
f 745/439/307 110/446/314 24/447/315 263/448/316
f 744/437/305 745/439/307 263/448/316 264/449/317
f 743/438/306 744/437/305 264/449/317 265/450/318
f 247/403/294 743/438/306 265/450/318 39/404/295
f 246/402/293 740/434/302 743/438/306 247/403/294
f 245/401/292 737/431/299 740/434/302 246/402/293
f 746/451/319 747/452/320 750/453/320 749/454/319
f 747/452/320 748/455/321 751/456/321 750/453/320
f 749/454/319 750/453/320 753/457/320 752/458/319
f 750/453/320 751/456/321 754/459/321 753/457/320
f 39/421/295 265/460/318 746/451/319 248/422/298
f 265/460/318 264/461/317 747/452/320 746/451/319
f 264/461/317 263/462/316 748/455/321 747/452/320
f 263/462/316 24/463/315 172/464/322 748/455/321
f 748/455/321 172/464/322 171/465/322 751/456/321
f 751/456/321 171/465/322 170/466/322 754/459/321
f 754/459/321 170/466/322 23/467/115 266/468/114
f 753/457/320 754/459/321 266/468/114 267/469/113
f 752/458/319 753/457/320 267/469/113 268/470/111
f 250/424/298 752/458/319 268/470/111 40/425/110
f 249/423/298 749/454/319 752/458/319 250/424/298
f 248/422/298 746/451/319 749/454/319 249/423/298
f 755/471/323 756/472/324 759/473/325 758/474/326
f 756/472/324 757/475/327 760/476/328 759/473/325
f 758/474/326 759/473/325 762/477/329 761/478/330
f 759/473/325 760/476/328 763/479/331 762/477/329
f 29/480/245 292/481/332 755/471/323 187/482/246
f 292/481/332 291/483/333 756/472/324 755/471/323
f 291/483/333 290/484/334 757/475/327 756/472/324
f 290/484/334 42/485/335 269/486/336 757/475/327
f 757/475/327 269/486/336 270/487/337 760/476/328
f 760/476/328 270/487/337 271/488/338 763/479/331
f 763/479/331 271/488/338 11/489/339 133/490/340
f 762/477/329 763/479/331 133/490/340 132/491/341
f 761/478/330 762/477/329 132/491/341 131/492/342
f 185/493/248 761/478/330 131/492/342 1/494/250
f 186/495/247 758/474/326 761/478/330 185/493/248
f 187/482/246 755/471/323 758/474/326 186/495/247
f 764/496/343 765/497/343 768/498/344 767/499/344
f 765/497/343 766/500/343 769/501/344 768/498/344
f 767/499/344 768/498/344 771/502/345 770/503/345
f 768/498/344 769/501/344 772/504/345 771/502/345
f 42/485/335 298/505/346 764/496/343 269/486/336
f 298/505/346 297/506/346 765/497/343 764/496/343
f 297/506/346 296/507/346 766/500/343 765/497/343
f 296/507/346 44/85/85 278/87/87 766/500/343
f 766/500/343 278/87/87 279/100/100 769/501/344
f 769/501/344 279/100/100 280/98/98 772/504/345
f 772/504/345 280/98/98 12/99/99 136/508/347
f 771/502/345 772/504/345 136/508/347 135/509/347
f 770/503/345 771/502/345 135/509/347 134/510/347
f 271/488/338 770/503/345 134/510/347 11/489/339
f 270/487/337 767/499/344 770/503/345 271/488/338
f 269/486/336 764/496/343 767/499/344 270/487/337
f 773/511/348 774/512/349 777/513/350 776/514/351
f 774/512/349 775/515/352 778/516/353 777/513/350
f 776/514/351 777/513/350 780/517/354 779/518/355
f 777/513/350 778/516/353 781/519/356 780/517/354
f 5/119/119 118/520/357 773/511/348 121/521/120
f 118/520/357 117/522/358 774/512/349 773/511/348
f 117/522/358 116/523/359 775/515/352 774/512/349
f 116/523/359 28/524/360 272/525/361 775/515/352
f 775/515/352 272/525/361 273/526/362 778/516/353
f 778/516/353 273/526/362 274/527/363 781/519/356
f 781/519/356 274/527/363 41/528/364 287/529/365
f 780/517/354 781/519/356 287/529/365 288/530/366
f 779/518/355 780/517/354 288/530/366 289/531/367
f 119/532/122 779/518/355 289/531/367 30/533/124
f 120/534/121 776/514/351 779/518/355 119/532/122
f 121/521/120 773/511/348 776/514/351 120/534/121
f 782/535/368 783/536/369 786/537/369 785/538/368
f 783/536/369 784/539/370 787/540/370 786/537/369
f 785/538/368 786/537/369 789/541/369 788/542/368
f 786/537/369 787/540/370 790/543/370 789/541/369
f 30/533/124 289/531/367 782/535/368 190/544/256
f 289/531/367 288/530/366 783/536/369 782/535/368
f 288/530/366 287/529/365 784/539/370 783/536/369
f 287/529/365 41/528/364 275/545/371 784/539/370
f 784/539/370 275/545/371 276/546/371 787/540/370
f 787/540/370 276/546/371 277/547/371 790/543/370
f 790/543/370 277/547/371 42/485/335 290/484/334
f 789/541/369 790/543/370 290/484/334 291/483/333
f 788/542/368 789/541/369 291/483/333 292/481/332
f 188/548/256 788/542/368 292/481/332 29/480/245
f 189/549/256 785/538/368 788/542/368 188/548/256
f 190/544/256 782/535/368 785/538/368 189/549/256
f 791/550/372 792/551/372 795/552/373 794/553/373
f 792/551/372 793/554/372 796/555/373 795/552/373
f 794/553/373 795/552/373 798/556/374 797/557/374
f 795/552/373 796/555/373 799/558/374 798/556/374
f 28/559/360 184/560/375 791/550/372 272/525/361
f 184/560/375 183/561/375 792/551/372 791/550/372
f 183/561/375 182/562/375 793/554/372 792/551/372
f 182/562/375 27/563/74 281/564/376 793/554/372
f 793/554/372 281/564/376 282/565/377 796/555/373
f 796/555/373 282/565/377 283/566/378 799/558/374
f 799/558/374 283/566/378 43/567/379 293/568/380
f 798/556/374 799/558/374 293/568/380 294/569/380
f 797/557/374 798/556/374 294/569/380 295/570/380
f 274/527/363 797/557/374 295/570/380 41/571/364
f 273/526/362 794/553/373 797/557/374 274/527/363
f 272/525/361 791/550/372 794/553/373 273/526/362
f 800/572/381 801/573/381 804/574/381 803/575/381
f 801/573/381 802/576/381 805/577/381 804/574/381
f 803/575/381 804/574/381 807/578/381 806/579/381
f 804/574/381 805/577/381 808/580/381 807/578/381
f 41/571/364 295/570/380 800/572/381 275/581/371
f 295/570/380 294/569/380 801/573/381 800/572/381
f 294/569/380 293/568/380 802/576/381 801/573/381
f 293/568/380 43/567/379 284/582/382 802/576/381
f 802/576/381 284/582/382 285/583/382 805/577/381
f 805/577/381 285/583/382 286/584/382 808/580/381
f 808/580/381 286/584/382 44/85/85 296/585/346
f 807/578/381 808/580/381 296/585/346 297/586/346
f 806/579/381 807/578/381 297/586/346 298/587/346
f 277/588/371 806/579/381 298/587/346 42/589/335
f 276/590/371 803/575/381 806/579/381 277/588/371
f 275/581/371 800/572/381 803/575/381 276/590/371
f 809/591/383 810/592/384 813/593/385 812/594/386
f 810/592/384 811/595/387 814/596/388 813/593/385
f 812/594/386 813/593/385 816/597/389 815/598/390
f 813/593/385 814/596/388 817/599/391 816/597/389
f 27/74/74 181/72/72 809/591/383 281/564/376
f 181/72/72 180/71/71 810/592/384 809/591/383
f 180/71/71 179/70/70 811/595/387 810/592/384
f 179/70/70 6/69/69 191/600/165 811/595/387
f 811/595/387 191/600/165 192/601/164 814/596/388
f 814/596/388 192/601/164 193/602/163 817/599/391
f 817/599/391 193/602/163 31/603/162 299/604/392
f 816/597/389 817/599/391 299/604/392 300/605/393
f 815/598/390 816/597/389 300/605/393 301/606/394
f 283/566/378 815/598/390 301/606/394 43/567/379
f 282/607/377 812/594/386 815/598/390 283/566/378
f 281/564/376 809/591/383 812/594/386 282/607/377
f 818/608/395 819/609/396 822/610/396 821/611/395
f 819/609/396 820/612/397 823/613/397 822/610/396
f 821/611/395 822/610/396 825/614/396 824/615/395
f 822/610/396 823/613/397 826/616/397 825/614/396
f 43/567/379 301/606/394 818/608/395 284/617/382
f 301/606/394 300/605/393 819/609/396 818/608/395
f 300/605/393 299/604/392 820/612/397 819/609/396
f 299/604/392 31/603/162 194/618/170 820/612/397
f 820/612/397 194/618/170 195/619/170 823/613/397
f 823/613/397 195/619/170 196/620/170 826/616/397
f 826/616/397 196/620/170 32/90/90 302/89/89
f 825/614/396 826/616/397 302/89/89 303/88/88
f 824/615/395 825/614/396 303/88/88 304/86/86
f 286/621/382 824/615/395 304/86/86 44/85/85
f 285/622/382 821/611/395 824/615/395 286/621/382
f 284/617/382 818/608/395 821/611/395 285/622/382
f 827/623/398 828/624/399 831/625/400 830/626/401
f 828/624/399 829/627/402 832/628/403 831/625/400
f 830/626/401 831/625/400 834/629/404 833/630/405
f 831/625/400 832/628/403 835/631/406 834/629/404
f 23/115/115 328/632/407 827/623/398 169/116/116
f 328/632/407 327/633/408 828/624/399 827/623/398
f 327/633/408 326/634/409 829/627/402 828/624/399
f 326/634/409 46/635/410 305/636/411 829/627/402
f 829/627/402 305/636/411 306/637/412 832/628/403
f 832/628/403 306/637/412 307/638/413 835/631/406
f 835/631/406 307/638/413 28/524/360 116/523/359
f 834/629/404 835/631/406 116/523/359 117/522/358
f 833/630/405 834/629/404 117/522/358 118/520/357
f 167/118/118 833/630/405 118/520/357 5/119/119
f 168/117/117 830/626/401 833/630/405 167/118/118
f 169/116/116 827/623/398 830/626/401 168/117/117
f 836/639/414 837/640/414 840/641/415 839/642/415
f 837/640/414 838/643/414 841/644/415 840/641/415
f 839/642/415 840/641/415 843/645/416 842/646/416
f 840/641/415 841/644/415 844/647/416 843/645/416
f 46/648/410 334/649/417 836/639/414 305/650/411
f 334/649/417 333/651/417 837/640/414 836/639/414
f 333/651/417 332/652/417 838/643/414 837/640/414
f 332/652/417 48/653/60 314/654/62 838/643/414
f 838/643/414 314/654/62 315/655/75 841/644/415
f 841/644/415 315/655/75 316/656/73 844/647/416
f 844/647/416 316/656/73 27/563/74 182/562/375
f 843/645/416 844/647/416 182/562/375 183/561/375
f 842/646/416 843/645/416 183/561/375 184/560/375
f 307/657/413 842/646/416 184/560/375 28/559/360
f 306/658/412 839/642/415 842/646/416 307/657/413
f 305/650/411 836/639/414 839/642/415 306/658/412
f 845/659/418 846/660/419 849/661/420 848/662/421
f 846/660/419 847/663/422 850/664/423 849/661/420
f 848/662/421 849/661/420 852/665/424 851/666/425
f 849/661/420 850/664/423 853/667/426 852/665/424
f 7/443/311 109/668/427 845/659/418 112/444/312
f 109/668/427 108/669/428 846/660/419 845/659/418
f 108/669/428 107/670/429 847/663/422 846/660/419
f 107/670/429 22/671/430 308/672/431 847/663/422
f 847/663/422 308/672/431 309/673/432 850/664/423
f 850/664/423 309/673/432 310/674/433 853/667/426
f 853/667/426 310/674/433 45/675/434 323/676/435
f 852/665/424 853/667/426 323/676/435 324/677/436
f 851/666/425 852/665/424 324/677/436 325/678/437
f 110/446/314 851/666/425 325/678/437 24/447/315
f 111/445/313 848/662/421 851/666/425 110/446/314
f 112/444/312 845/659/418 848/662/421 111/445/313
f 854/679/438 855/680/439 858/681/439 857/682/438
f 855/680/439 856/683/440 859/684/440 858/681/439
f 857/682/438 858/681/439 861/685/439 860/686/438
f 858/681/439 859/684/440 862/687/440 861/685/439
f 24/463/315 325/678/437 854/679/438 172/464/322
f 325/678/437 324/688/436 855/680/439 854/679/438
f 324/688/436 323/689/435 856/683/440 855/680/439
f 323/689/435 45/690/434 311/691/441 856/683/440
f 856/683/440 311/691/441 312/692/441 859/684/440
f 859/684/440 312/692/441 313/693/441 862/687/440
f 862/687/440 313/693/441 46/648/410 326/694/409
f 861/685/439 862/687/440 326/694/409 327/695/408
f 860/686/438 861/685/439 327/695/408 328/696/407
f 170/466/322 860/686/438 328/696/407 23/467/115
f 171/465/322 857/682/438 860/686/438 170/466/322
f 172/464/322 854/679/438 857/682/438 171/465/322
f 863/697/442 864/698/442 867/699/443 866/700/443
f 864/698/442 865/701/442 868/702/443 867/699/443
f 866/700/443 867/699/443 870/703/444 869/704/444
f 867/699/443 868/702/443 871/705/444 870/703/444
f 22/706/430 166/707/445 863/697/442 308/708/431
f 166/707/445 165/709/445 864/698/442 863/697/442
f 165/709/445 164/710/445 865/701/442 864/698/442
f 164/710/445 21/711/49 317/712/446 865/701/442
f 865/701/442 317/712/446 318/713/447 868/702/443
f 868/702/443 318/713/447 319/714/448 871/705/444
f 871/705/444 319/714/448 47/715/449 329/716/450
f 870/703/444 871/705/444 329/716/450 330/717/450
f 869/704/444 870/703/444 330/717/450 331/718/450
f 310/719/433 869/704/444 331/718/450 45/690/434
f 309/720/432 866/700/443 869/704/444 310/719/433
f 308/708/431 863/697/442 866/700/443 309/720/432
f 872/721/451 873/722/451 876/723/451 875/724/451
f 873/722/451 874/725/451 877/726/451 876/723/451
f 875/724/451 876/723/451 879/727/451 878/728/451
f 876/723/451 877/726/451 880/729/451 879/727/451
f 45/690/434 331/718/450 872/721/451 311/691/441
f 331/718/450 330/717/450 873/722/451 872/721/451
f 330/717/450 329/716/450 874/725/451 873/722/451
f 329/716/450 47/715/449 320/730/452 874/725/451
f 874/725/451 320/730/452 321/731/452 877/726/451
f 877/726/451 321/731/452 322/732/452 880/729/451
f 880/729/451 322/732/452 48/653/60 332/652/417
f 879/727/451 880/729/451 332/652/417 333/651/417
f 878/728/451 879/727/451 333/651/417 334/649/417
f 313/693/441 878/728/451 334/649/417 46/648/410
f 312/692/441 875/724/451 878/728/451 313/693/441
f 311/691/441 872/721/451 875/724/451 312/692/441
f 881/733/453 882/734/454 885/735/455 884/736/456
f 882/734/454 883/737/457 886/738/458 885/735/455
f 884/736/456 885/735/455 888/739/459 887/740/460
f 885/735/455 886/738/458 889/741/461 888/739/459
f 21/49/49 163/47/47 881/733/453 317/742/446
f 163/47/47 162/46/46 882/734/454 881/733/453
f 162/46/46 161/45/45 883/737/457 882/734/454
f 161/45/45 8/44/44 173/196/180 883/737/457
f 883/737/457 173/196/180 174/209/190 886/738/458
f 886/738/458 174/209/190 175/207/188 889/741/461
f 889/741/461 175/207/188 25/208/189 335/743/462
f 888/739/459 889/741/461 335/743/462 336/744/463
f 887/740/460 888/739/459 336/744/463 337/745/464
f 319/746/448 887/740/460 337/745/464 47/747/449
f 318/748/447 884/736/456 887/740/460 319/746/448
f 317/742/446 881/733/453 884/736/456 318/748/447
f 890/749/465 891/750/466 894/751/466 893/752/465
f 891/750/466 892/753/467 895/754/467 894/751/466
f 893/752/465 894/751/466 897/755/466 896/756/465
f 894/751/466 895/754/467 898/757/467 897/755/466
f 47/715/449 337/758/464 890/749/465 320/730/452
f 337/758/464 336/744/463 891/750/466 890/749/465
f 336/744/463 335/759/462 892/753/467 891/750/466
f 335/759/462 25/219/189 176/220/194 892/753/467
f 892/753/467 176/220/194 177/233/194 895/754/467
f 895/754/467 177/233/194 178/231/194 898/757/467
f 898/757/467 178/231/194 26/232/65 338/760/64
f 897/755/466 898/757/467 338/760/64 339/761/63
f 896/756/465 897/755/466 339/761/63 340/762/61
f 322/732/452 896/756/465 340/762/61 48/653/60
f 321/731/452 893/752/465 896/756/465 322/732/452
f 320/730/452 890/749/465 893/752/465 321/731/452
f 899/763/468 900/764/469 903/765/470 902/766/471
f 900/764/469 901/767/472 904/768/473 903/765/470
f 902/766/471 903/765/470 906/769/474 905/770/475
f 903/765/470 904/768/473 907/771/476 906/769/474
f 17/772/291 364/773/477 899/763/468 151/774/308
f 364/773/477 363/775/478 900/764/469 899/763/468
f 363/775/478 362/776/479 901/767/472 900/764/469
f 362/776/479 50/777/480 341/778/481 901/767/472
f 901/767/472 341/778/481 342/779/482 904/768/473
f 904/768/473 342/779/482 343/780/483 907/771/476
f 907/771/476 343/780/483 22/671/430 107/670/429
f 906/769/474 907/771/476 107/670/429 108/669/428
f 905/770/475 906/769/474 108/669/428 109/668/427
f 149/781/310 905/770/475 109/668/427 7/443/311
f 150/782/309 902/766/471 905/770/475 149/781/310
f 151/774/308 899/763/468 902/766/471 150/782/309
f 908/783/484 909/784/484 912/785/485 911/786/485
f 909/784/484 910/787/484 913/788/485 912/785/485
f 911/786/485 912/785/485 915/789/486 914/790/486
f 912/785/485 913/788/485 916/791/486 915/789/486
f 50/792/480 370/793/487 908/783/484 341/794/481
f 370/793/487 369/795/487 909/784/484 908/783/484
f 369/795/487 368/796/487 910/787/484 909/784/484
f 368/796/487 52/797/35 350/798/37 910/787/484
f 910/787/484 350/798/37 351/799/50 913/788/485
f 913/788/485 351/799/50 352/800/48 916/791/486
f 916/791/486 352/800/48 21/711/49 164/710/445
f 915/789/486 916/791/486 164/710/445 165/709/445
f 914/790/486 915/789/486 165/709/445 166/707/445
f 343/801/483 914/790/486 166/707/445 22/706/430
f 342/779/482 911/786/485 914/790/486 343/801/483
f 341/794/481 908/783/484 911/786/485 342/779/482
f 917/802/488 918/803/489 921/804/490 920/805/491
f 918/803/489 919/806/492 922/807/493 921/804/490
f 920/805/491 921/804/490 924/808/494 923/809/495
f 921/804/490 922/807/493 925/810/496 924/808/494
f 3/811/266 100/812/497 917/802/488 103/813/267
f 100/812/497 99/814/498 918/803/489 917/802/488
f 99/814/498 98/815/499 919/806/492 918/803/489
f 98/815/499 16/816/500 344/817/501 919/806/492
f 919/806/492 344/817/501 345/818/502 922/807/493
f 922/807/493 345/818/502 346/819/503 925/810/496
f 925/810/496 346/819/503 49/820/504 359/821/505
f 924/808/494 925/810/496 359/821/505 360/822/506
f 923/809/495 924/808/494 360/822/506 361/823/507
f 101/824/270 923/809/495 361/823/507 18/825/271
f 102/826/269 920/805/491 923/809/495 101/824/270
f 103/813/267 917/802/488 920/805/491 102/826/269
f 926/827/508 927/828/509 930/829/509 929/830/508
f 927/828/509 928/831/510 931/832/510 930/829/509
f 929/830/508 930/829/509 933/833/509 932/834/508
f 930/829/509 931/832/510 934/835/510 933/833/509
f 18/825/271 361/823/507 926/827/508 154/836/290
f 361/823/507 360/822/506 927/828/509 926/827/508
f 360/822/506 359/821/505 928/831/510 927/828/509
f 359/821/505 49/820/504 347/837/511 928/831/510
f 928/831/510 347/837/511 348/838/511 931/832/510
f 931/832/510 348/838/511 349/839/511 934/835/510
f 934/835/510 349/839/511 50/777/480 362/776/479
f 933/833/509 934/835/510 362/776/479 363/775/478
f 932/834/508 933/833/509 363/775/478 364/773/477
f 152/840/290 932/834/508 364/773/477 17/772/291
f 153/841/290 929/830/508 932/834/508 152/840/290
f 154/836/290 926/827/508 929/830/508 153/841/290
f 935/842/512 936/843/512 939/844/513 938/845/513
f 936/843/512 937/846/512 940/847/513 939/844/513
f 938/845/513 939/844/513 942/848/514 941/849/514
f 939/844/513 940/847/513 943/850/514 942/848/514
f 16/851/500 148/852/515 935/842/512 344/817/501
f 148/852/515 147/853/515 936/843/512 935/842/512
f 147/853/515 146/854/515 937/846/512 936/843/512
f 146/854/515 15/24/24 353/855/516 937/846/512
f 937/846/512 353/855/516 354/856/517 940/847/513
f 940/847/513 354/856/517 355/857/518 943/850/514
f 943/850/514 355/857/518 51/858/519 365/859/520
f 942/848/514 943/850/514 365/859/520 366/860/520
f 941/849/514 942/848/514 366/860/520 367/861/520
f 346/862/503 941/849/514 367/861/520 49/863/504
f 345/864/502 938/845/513 941/849/514 346/862/503
f 344/817/501 935/842/512 938/845/513 345/864/502
f 944/865/521 945/866/521 948/867/521 947/868/521
f 945/866/521 946/869/521 949/870/521 948/867/521
f 947/868/521 948/867/521 951/871/521 950/872/521
f 948/867/521 949/870/521 952/873/521 951/871/521
f 49/863/504 367/861/520 944/865/521 347/874/511
f 367/861/520 366/860/520 945/866/521 944/865/521
f 366/860/520 365/859/520 946/869/521 945/866/521
f 365/859/520 51/858/519 356/875/522 946/869/521
f 946/869/521 356/875/522 357/876/522 949/870/521
f 949/870/521 357/876/522 358/877/522 952/873/521
f 952/873/521 358/877/522 52/797/35 368/796/487
f 951/871/521 952/873/521 368/796/487 369/795/487
f 950/872/521 951/871/521 369/795/487 370/793/487
f 349/878/511 950/872/521 370/793/487 50/792/480
f 348/879/511 947/868/521 950/872/521 349/878/511
f 347/874/511 944/865/521 947/868/521 348/879/511
f 953/880/523 954/881/524 957/882/525 956/883/526
f 954/881/524 955/884/527 958/885/528 957/882/525
f 956/883/526 957/882/525 960/886/529 959/887/530
f 957/882/525 958/885/528 961/888/531 960/886/529
f 15/24/24 145/22/22 953/880/523 353/855/516
f 145/22/22 144/21/21 954/881/524 953/880/523
f 144/21/21 143/20/20 955/884/527 954/881/524
f 143/20/20 4/19/19 155/889/219 955/884/527
f 955/884/527 155/889/219 156/890/218 958/885/528
f 958/885/528 156/890/218 157/891/217 961/888/531
f 961/888/531 157/891/217 19/892/200 371/893/532
f 960/886/529 961/888/531 371/893/532 372/894/533
f 959/887/530 960/886/529 372/894/533 373/895/534
f 355/896/518 959/887/530 373/895/534 51/897/519
f 354/898/517 956/883/526 959/887/530 355/896/518
f 353/855/516 953/880/523 956/883/526 354/898/517
f 962/899/535 963/900/536 966/901/536 965/902/535
f 963/900/536 964/903/537 967/904/537 966/901/536
f 965/902/535 966/901/536 969/905/536 968/906/535
f 966/901/536 967/904/537 970/907/537 969/905/536
f 51/897/519 373/895/534 962/899/535 356/908/522
f 373/895/534 372/894/533 963/900/536 962/899/535
f 372/894/533 371/893/532 964/903/537 963/900/536
f 371/893/532 19/892/200 158/909/199 964/903/537
f 964/903/537 158/909/199 159/910/199 967/904/537
f 967/904/537 159/910/199 160/911/199 970/907/537
f 970/907/537 160/911/199 20/40/40 374/39/39
f 969/905/536 970/907/537 374/39/39 375/38/38
f 968/906/535 969/905/536 375/38/38 376/36/36
f 358/912/522 968/906/535 376/36/36 52/35/35
f 357/913/522 965/902/535 968/906/535 358/912/522
f 356/908/522 962/899/535 965/902/535 357/913/522
f 971/914/538 972/915/539 975/916/540 974/917/541
f 972/915/539 973/918/542 976/919/543 975/916/540
f 974/917/541 975/916/540 978/920/544 977/921/545
f 975/916/540 976/919/543 979/922/546 978/920/544
f 9/923/280 400/924/547 971/914/538 127/925/279
f 400/924/547 399/926/548 972/915/539 971/914/538
f 399/926/548 398/927/549 973/918/542 972/915/539
f 398/927/549 54/928/550 377/929/551 973/918/542
f 973/918/542 377/929/551 378/930/552 976/919/543
f 976/919/543 378/930/552 379/931/553 979/922/546
f 979/922/546 379/931/553 16/816/500 98/815/499
f 978/920/544 979/922/546 98/815/499 99/814/498
f 977/921/545 978/920/544 99/814/498 100/812/497
f 125/932/268 977/921/545 100/812/497 3/811/266
f 126/933/281 974/917/541 977/921/545 125/932/268
f 127/925/279 971/914/538 974/917/541 126/933/281
f 980/934/554 981/935/554 984/936/555 983/937/555
f 981/935/554 982/938/554 985/939/555 984/936/555
f 983/937/555 984/936/555 987/940/556 986/941/556
f 984/936/555 985/939/555 988/942/556 987/940/556
f 54/943/550 406/944/557 980/934/554 377/945/551
f 406/944/557 405/946/557 981/935/554 980/934/554
f 405/946/557 404/947/557 982/938/554 981/935/554
f 404/947/557 56/10/10 386/948/12 982/938/554
f 982/938/554 386/948/12 387/949/25 985/939/555
f 985/939/555 387/949/25 388/23/23 988/942/556
f 988/942/556 388/23/23 15/24/24 146/854/515
f 987/940/556 988/942/556 146/854/515 147/853/515
f 986/941/556 987/940/556 147/853/515 148/852/515
f 379/931/553 986/941/556 148/852/515 16/851/500
f 378/950/552 983/937/555 986/941/556 379/931/553
f 377/945/551 980/934/554 983/937/555 378/950/552
f 989/951/558 990/952/559 993/953/560 992/954/561
f 990/952/559 991/955/562 994/956/563 993/953/560
f 992/954/561 993/953/560 996/957/564 995/958/565
f 993/953/560 994/956/563 997/959/566 996/957/564
f 1/960/250 131/961/342 989/951/558 91/962/249
f 131/961/342 132/963/341 990/952/559 989/951/558
f 132/963/341 133/964/340 991/955/562 990/952/559
f 133/964/340 11/965/339 380/966/567 991/955/562
f 991/955/562 380/966/567 381/967/568 994/956/563
f 994/956/563 381/967/568 382/968/569 997/959/566
f 997/959/566 382/968/569 53/969/570 395/970/571
f 996/957/564 997/959/566 395/970/571 396/971/572
f 995/958/565 996/957/564 396/971/572 397/972/573
f 89/973/238 995/958/565 397/972/573 10/974/236
f 90/975/251 992/954/561 995/958/565 89/973/238
f 91/962/249 989/951/558 992/954/561 90/975/251
f 998/976/574 999/977/575 1002/978/575 1001/979/574
f 999/977/575 1000/980/576 1003/981/576 1002/978/575
f 1001/979/574 1002/978/575 1005/982/575 1004/983/574
f 1002/978/575 1003/981/576 1006/984/576 1005/982/575
f 10/974/236 397/972/573 998/976/574 130/985/285
f 397/972/573 396/971/572 999/977/575 998/976/574
f 396/971/572 395/970/571 1000/980/576 999/977/575
f 395/970/571 53/969/570 383/986/577 1000/980/576
f 1000/980/576 383/986/577 384/987/577 1003/981/576
f 1003/981/576 384/987/577 385/988/577 1006/984/576
f 1006/984/576 385/988/577 54/928/550 398/927/549
f 1005/982/575 1006/984/576 398/927/549 399/926/548
f 1004/983/574 1005/982/575 399/926/548 400/924/547
f 128/989/285 1004/983/574 400/924/547 9/923/280
f 129/990/285 1001/979/574 1004/983/574 128/989/285
f 130/985/285 998/976/574 1001/979/574 129/990/285
f 1007/991/578 1008/992/578 1011/993/579 1010/994/579
f 1008/992/578 1009/995/578 1012/996/579 1011/993/579
f 1010/994/579 1011/993/579 1014/997/580 1013/998/580
f 1011/993/579 1012/996/579 1015/999/580 1014/997/580
f 11/965/339 134/1000/347 1007/991/578 380/966/567
f 134/1000/347 135/1001/347 1008/992/578 1007/991/578
f 135/1001/347 136/1002/347 1009/995/578 1008/992/578
f 136/1002/347 12/1003/99 389/1004/581 1009/995/578
f 1009/995/578 389/1004/581 390/1005/582 1012/996/579
f 1012/996/579 390/1005/582 391/1006/583 1015/999/580
f 1015/999/580 391/1006/583 55/1007/584 401/1008/585
f 1014/997/580 1015/999/580 401/1008/585 402/1009/585
f 1013/998/580 1014/997/580 402/1009/585 403/1010/585
f 382/968/569 1013/998/580 403/1010/585 53/969/570
f 381/967/568 1010/994/579 1013/998/580 382/968/569
f 380/966/567 1007/991/578 1010/994/579 381/967/568
f 1016/1011/586 1017/1012/586 1020/1013/586 1019/1014/586
f 1017/1012/586 1018/1015/586 1021/1016/586 1020/1013/586
f 1019/1014/586 1020/1013/586 1023/1017/586 1022/1018/586
f 1020/1013/586 1021/1016/586 1024/1019/586 1023/1017/586
f 53/1020/570 403/1021/585 1016/1011/586 383/1022/577
f 403/1021/585 402/1009/585 1017/1012/586 1016/1011/586
f 402/1009/585 401/1023/585 1018/1015/586 1017/1012/586
f 401/1023/585 55/1024/584 392/1025/587 1018/1015/586
f 1018/1015/586 392/1025/587 393/1026/587 1021/1016/586
f 1021/1016/586 393/1026/587 394/1027/587 1024/1019/586
f 1024/1019/586 394/1027/587 56/10/10 404/947/557
f 1023/1017/586 1024/1019/586 404/947/557 405/946/557
f 1022/1018/586 1023/1017/586 405/946/557 406/944/557
f 385/1028/577 1022/1018/586 406/944/557 54/943/550
f 384/1029/577 1019/1014/586 1022/1018/586 385/1028/577
f 383/1022/577 1016/1011/586 1019/1014/586 384/1029/577
f 1025/1030/588 1026/1031/589 1029/1032/590 1028/1033/591
f 1026/1031/589 1027/1034/592 1030/1035/593 1029/1032/590
f 1028/1033/591 1029/1032/590 1032/1036/594 1031/1037/595
f 1029/1032/590 1030/1035/593 1033/1038/596 1032/1036/594
f 12/1003/99 92/1039/97 1025/1030/588 389/1004/581
f 92/1039/97 93/1040/96 1026/1031/589 1025/1030/588
f 93/1040/96 94/1041/95 1027/1034/592 1026/1031/589
f 94/1041/95 2/1042/94 137/1043/143 1027/1034/592
f 1027/1034/592 137/1043/143 138/1044/142 1030/1035/593
f 1030/1035/593 138/1044/142 139/1045/141 1033/1038/596
f 1033/1038/596 139/1045/141 13/1046/140 407/1047/597
f 1032/1036/594 1033/1038/596 407/1047/597 408/1048/598
f 1031/1037/595 1032/1036/594 408/1048/598 409/1049/599
f 391/1006/583 1031/1037/595 409/1049/599 55/1007/584
f 390/1005/582 1028/1033/591 1031/1037/595 391/1006/583
f 389/1004/581 1025/1030/588 1028/1033/591 390/1005/582
f 1034/1050/600 1035/1051/601 1038/1052/601 1037/1053/600
f 1035/1051/601 1036/1054/602 1039/1055/602 1038/1052/601
f 1037/1053/600 1038/1052/601 1041/1056/601 1040/1057/600
f 1038/1052/601 1039/1055/602 1042/1058/602 1041/1056/601
f 55/1007/584 409/1049/599 1034/1050/600 392/1059/587
f 409/1049/599 408/1048/598 1035/1051/601 1034/1050/600
f 408/1048/598 407/1047/597 1036/1054/602 1035/1051/601
f 407/1047/597 13/1046/140 140/1060/226 1036/1054/602
f 1036/1054/602 140/1060/226 141/1061/226 1039/1055/602
f 1039/1055/602 141/1061/226 142/1062/226 1042/1058/602
f 1042/1058/602 142/1062/226 14/15/15 410/14/14
f 1041/1056/601 1042/1058/602 410/14/14 411/13/13
f 1040/1057/600 1041/1056/601 411/13/13 412/11/11
f 394/1063/587 1040/1057/600 412/11/11 56/10/10
f 393/1064/587 1037/1053/600 1040/1057/600 394/1063/587
f 392/1059/587 1034/1050/600 1037/1053/600 393/1064/587
s 0
f 1043/1065/603 1044/1066/603 1047/1067/603 1046/1068/603
f 1044/1066/604 1045/1069/604 1048/1070/604 1047/1067/604
f 1046/1068/605 1047/1067/605 1050/1071/605 1049/1072/605
f 1047/1067/606 1048/1070/606 1051/1073/606 1050/1071/606
f 57/1074/607 419/1075/607 1043/1065/607 413/1076/607
f 419/1075/608 420/1077/608 1044/1066/608 1043/1065/608
f 420/1077/609 421/1078/609 1045/1069/609 1044/1066/609
f 421/1078/610 58/1079/610 418/1080/610 1045/1069/610
f 1045/1069/611 418/1080/611 417/1081/611 1048/1070/611
f 1048/1070/612 417/1081/612 416/1082/612 1051/1073/612
f 1051/1073/613 416/1082/613 60/1083/613 422/1084/613
f 1050/1071/614 1051/1073/614 422/1084/614 423/1085/614
f 1049/1072/615 1050/1071/615 423/1085/615 424/1086/615
f 415/1087/616 1049/1072/616 424/1086/616 59/1088/616
f 414/1089/617 1046/1068/617 1049/1072/617 415/1087/617
f 413/1076/618 1043/1065/618 1046/1068/618 414/1089/618
f 1052/1090/619 1053/1091/619 1056/1092/619 1055/1093/619
f 1053/1091/620 1054/1094/620 1057/1095/620 1056/1092/620
f 1055/1093/621 1056/1092/621 1059/1096/621 1058/1097/621
f 1056/1092/622 1057/1095/622 1060/1098/622 1059/1096/622
f 59/1088/623 424/1086/623 1052/1090/623 425/1099/623
f 424/1086/624 423/1085/624 1053/1091/624 1052/1090/624
f 423/1085/625 422/1084/625 1054/1094/625 1053/1091/625
f 422/1084/626 60/1083/626 430/1100/626 1054/1094/626
f 1054/1094/627 430/1100/627 429/1101/627 1057/1095/627
f 1057/1095/628 429/1101/628 428/1102/628 1060/1098/628
f 1060/1098/629 428/1102/629 62/1103/629 431/1104/629
f 1059/1096/630 1060/1098/630 431/1104/630 432/1105/630
f 1058/1097/631 1059/1096/631 432/1105/631 433/1106/631
f 427/1107/632 1058/1097/632 433/1106/632 61/1108/632
f 426/1109/633 1055/1093/633 1058/1097/633 427/1107/633
f 425/1099/634 1052/1090/634 1055/1093/634 426/1109/634
f 1061/1110/635 1062/1111/635 1065/1112/635 1064/1113/635
f 1062/1111/636 1063/1114/636 1066/1115/636 1065/1112/636
f 1064/1113/637 1065/1112/637 1068/1116/637 1067/1117/637
f 1065/1112/638 1066/1115/638 1069/1118/638 1068/1116/638
f 61/1108/639 433/1106/639 1061/1110/639 434/1119/639
f 433/1106/640 432/1105/640 1062/1111/640 1061/1110/640
f 432/1105/641 431/1104/641 1063/1114/641 1062/1111/641
f 431/1104/642 62/1103/642 439/1120/642 1063/1114/642
f 1063/1114/643 439/1120/643 438/1121/643 1066/1115/643
f 1066/1115/644 438/1121/644 437/1122/644 1069/1118/644
f 1069/1118/645 437/1122/645 64/1123/645 440/1124/645
f 1068/1116/646 1069/1118/646 440/1124/646 441/1125/646
f 1067/1117/647 1068/1116/647 441/1125/647 442/1126/647
f 436/1127/648 1067/1117/648 442/1126/648 63/44/648
f 435/198/649 1064/1113/649 1067/1117/649 436/1127/649
f 434/1119/650 1061/1110/650 1064/1113/650 435/198/650
f 1070/1128/651 1071/1129/651 1074/1130/651 1073/1131/651
f 1071/1129/652 1072/1132/652 1075/1133/652 1074/1130/652
f 1073/1131/653 1074/1130/653 1077/1134/653 1076/1135/653
f 1074/1130/654 1075/1133/654 1078/1136/654 1077/1134/654
f 63/44/655 442/1126/655 1070/1128/655 443/1137/655
f 442/1126/656 441/1125/656 1071/1129/656 1070/1128/656
f 441/1125/657 440/1124/657 1072/1132/657 1071/1129/657
f 440/1124/658 64/1123/658 448/1138/658 1072/1132/658
f 1072/1132/659 448/1138/659 447/97/659 1075/1133/659
f 1075/1133/660 447/97/660 446/1139/660 1078/1136/660
f 1078/1136/661 446/1139/661 66/1140/661 449/1141/661
f 1077/1134/662 1078/1136/662 449/1141/662 450/1142/662
f 1076/1135/663 1077/1134/663 450/1142/663 451/1143/663
f 445/1144/664 1076/1135/664 451/1143/664 65/1145/664
f 444/47/665 1073/1131/665 1076/1135/665 445/1144/665
f 443/1137/666 1070/1128/666 1073/1131/666 444/47/666
f 1079/1146/667 1080/1147/667 1083/1148/667 1082/1149/667
f 1080/1147/668 1081/1150/668 1084/1151/668 1083/1148/668
f 1082/1149/669 1083/1148/669 1086/1152/669 1085/1153/669
f 1083/1148/670 1084/1151/670 1087/1154/670 1086/1152/670
f 65/1145/671 451/1143/671 1079/1146/671 452/1155/671
f 451/1143/672 450/1142/672 1080/1147/672 1079/1146/672
f 450/1142/673 449/1141/673 1081/1150/673 1080/1147/673
f 449/1141/674 66/1140/674 457/1156/674 1081/1150/674
f 1081/1150/675 457/1156/675 456/490/675 1084/1151/675
f 1084/1151/676 456/490/676 455/1157/676 1087/1154/676
f 1087/1154/677 455/1157/677 68/1158/677 458/549/677
f 1086/1152/678 1087/1154/678 458/549/678 459/1159/678
f 1085/1153/679 1086/1152/679 459/1159/679 460/1160/679
f 454/1161/680 1085/1153/680 460/1160/680 67/443/680
f 453/670/681 1082/1149/681 1085/1153/681 454/1161/681
f 452/1155/682 1079/1146/682 1082/1149/682 453/670/682
f 1088/1162/683 1089/1163/683 1092/1164/683 1091/1165/683
f 1089/1163/684 1090/1166/684 1093/1167/684 1092/1164/684
f 1091/1165/685 1092/1164/685 1095/1168/685 1094/1169/685
f 1092/1164/686 1093/1167/686 1096/1170/686 1095/1168/686
f 67/443/687 460/1160/687 1088/1162/687 461/1171/687
f 460/1160/688 459/1159/688 1089/1163/688 1088/1162/688
f 459/1159/689 458/549/689 1090/1166/689 1089/1163/689
f 458/549/690 68/1158/690 466/1172/690 1090/1166/690
f 1090/1166/691 466/1172/691 465/1173/691 1093/1167/691
f 1093/1167/692 465/1173/692 464/1174/692 1096/1170/692
f 1096/1170/693 464/1174/693 70/1175/693 467/1176/693
f 1095/1168/694 1096/1170/694 467/1176/694 468/1177/694
f 1094/1169/695 1095/1168/695 468/1177/695 469/1178/695
f 463/1179/696 1094/1169/696 469/1178/696 69/1180/696
f 462/440/697 1091/1165/697 1094/1169/697 463/1179/697
f 461/1171/698 1088/1162/698 1091/1165/698 462/440/698
f 1098/1181/699 1099/1182/699 1097/1183/699 1113/1184/699
f 1100/1185/700 1101/1186/700 1097/1183/700 1099/1182/700
f 1102/1187/701 1103/1188/701 1097/1183/701 1101/1189/701
f 1104/1190/702 1105/1191/702 1097/1183/702 1103/1188/702
f 1106/1192/703 1107/1193/703 1097/1183/703 1105/1191/703
f 1108/1194/704 1109/1195/704 1097/1183/704 1107/1196/704
f 1110/1197/705 1111/1198/705 1097/1183/705 1109/1195/705
f 1112/1199/706 1113/1200/706 1097/1183/706 1111/1201/706
f 60/1202/707 416/1203/707 1098/1181/707 430/1204/707
f 416/1203/708 417/1205/708 1099/1182/708 1098/1181/708
f 430/1204/709 1098/1181/709 1113/1184/709 429/1206/709
f 58/1207/710 482/1208/710 1100/1185/710 418/1209/710
f 482/1208/711 483/1210/711 1101/1186/711 1100/1185/711
f 418/1209/712 1100/1185/712 1099/1182/712 417/1211/712
f 72/1212/713 473/1213/713 1102/1187/713 484/1214/713
f 473/1213/714 474/1215/714 1103/1188/714 1102/1187/714
f 484/1214/715 1102/1187/715 1101/1189/715 483/1216/715
f 70/1217/716 464/1218/716 1104/1190/716 475/1219/716
f 464/1218/717 465/1220/717 1105/1191/717 1104/1190/717
f 475/1219/718 1104/1190/718 1103/1188/718 474/1221/718
f 68/1222/719 455/1223/719 1106/1192/719 466/1224/719
f 455/1223/720 456/1225/720 1107/1193/720 1106/1192/720
f 466/1224/721 1106/1192/721 1105/1191/721 465/1226/721
f 66/1227/722 446/1228/722 1108/1194/722 457/1229/722
f 446/1228/723 447/1230/723 1109/1195/723 1108/1194/723
f 457/1229/724 1108/1194/724 1107/1196/724 456/1231/724
f 64/1232/725 437/1233/725 1110/1197/725 448/1234/725
f 437/1233/726 438/1235/726 1111/1198/726 1110/1197/726
f 448/1234/727 1110/1197/727 1109/1195/727 447/1236/727
f 62/1237/728 428/1238/728 1112/1199/728 439/1239/728
f 428/1238/729 429/1240/729 1113/1200/729 1112/1199/729
f 439/1239/730 1112/1199/730 1111/1201/730 438/1241/730
f 1114/1242/731 1115/1243/731 1118/1244/731 1117/1245/731
f 1115/1243/732 1116/1246/732 1119/1247/732 1118/1244/732
f 1117/1245/733 1118/1244/733 1121/1248/733 1120/1249/733
f 1118/1244/734 1119/1247/734 1122/1250/734 1121/1248/734
f 69/1180/735 469/1178/735 1114/1242/735 470/1251/735
f 469/1178/736 468/1177/736 1115/1243/736 1114/1242/736
f 468/1177/737 467/1176/737 1116/1246/737 1115/1243/737
f 467/1176/738 70/1175/738 475/1252/738 1116/1246/738
f 1116/1246/739 475/1252/739 474/1253/739 1119/1247/739
f 1119/1247/740 474/1253/740 473/1254/740 1122/1250/740
f 1122/1250/741 473/1254/741 72/1255/741 476/1256/741
f 1121/1248/742 1122/1250/742 476/1256/742 477/331/742
f 1120/1249/743 1121/1248/743 477/331/743 478/387/743
f 472/1257/744 1120/1249/744 478/387/744 71/1258/744
f 471/1259/745 1117/1245/745 1120/1249/745 472/1257/745
f 470/1251/746 1114/1242/746 1117/1245/746 471/1259/746
f 1123/1260/747 1124/1261/747 1127/1262/747 1126/1263/747
f 1124/1261/748 1125/1264/748 1128/1265/748 1127/1262/748
f 1126/1263/749 1127/1262/749 1130/1266/749 1129/1267/749
f 1127/1262/750 1128/1265/750 1131/1268/750 1130/1266/750
f 71/1258/751 478/387/751 1123/1260/751 479/1269/751
f 478/387/752 477/331/752 1124/1261/752 1123/1260/752
f 477/331/753 476/1256/753 1125/1264/753 1124/1261/753
f 476/1256/754 72/1255/754 484/1270/754 1125/1264/754
f 1125/1264/755 484/1270/755 483/1271/755 1128/1265/755
f 1128/1265/756 483/1271/756 482/1272/756 1131/1268/756
f 1131/1268/757 482/1272/757 58/1273/757 421/1274/757
f 1130/1266/758 1131/1268/758 421/1274/758 420/1275/758
f 1129/1267/759 1130/1266/759 420/1275/759 419/1276/759
f 481/1277/760 1129/1267/760 419/1276/760 57/1278/760
f 480/1279/761 1126/1263/761 1129/1267/761 481/1277/761
f 479/1269/762 1123/1260/762 1126/1263/762 480/1279/762
f 1133/1280/763 1134/1281/763 1132/1282/763 1148/1283/763
f 1135/1284/764 1136/1285/764 1132/1282/764 1134/1286/764
f 1137/1287/765 1138/1288/765 1132/1282/765 1136/1289/765
f 1139/1290/766 1140/1291/766 1132/1282/766 1138/1292/766
f 1141/1293/767 1142/1294/767 1132/1282/767 1140/1291/767
f 1143/1295/768 1144/1296/768 1132/1282/768 1142/1294/768
f 1145/1297/769 1146/1298/769 1132/1282/769 1144/1299/769
f 1147/1300/770 1148/1301/770 1132/1282/770 1146/1302/770
f 57/1303/771 413/1304/771 1133/1280/771 481/1305/771
f 413/1304/772 414/1306/772 1134/1281/772 1133/1280/772
f 481/1305/773 1133/1280/773 1148/1283/773 480/1307/773
f 59/1308/774 425/1309/774 1135/1284/774 415/1310/774
f 425/1309/775 426/1311/775 1136/1285/775 1135/1284/775
f 415/1310/776 1135/1284/776 1134/1286/776 414/1306/776
f 61/1312/777 434/1313/777 1137/1287/777 427/1314/777
f 434/1313/778 435/1315/778 1138/1288/778 1137/1287/778
f 427/1314/779 1137/1287/779 1136/1289/779 426/1316/779
f 63/1317/780 443/1318/780 1139/1290/780 436/1319/780
f 443/1318/781 444/1320/781 1140/1291/781 1139/1290/781
f 436/1319/782 1139/1290/782 1138/1292/782 435/1321/782
f 65/1322/783 452/1323/783 1141/1293/783 445/1324/783
f 452/1323/784 453/1325/784 1142/1294/784 1141/1293/784
f 445/1324/785 1141/1293/785 1140/1291/785 444/1320/785
f 67/1326/786 461/1327/786 1143/1295/786 454/1328/786
f 461/1327/787 462/1329/787 1144/1296/787 1143/1295/787
f 454/1328/788 1143/1295/788 1142/1294/788 453/1325/788
f 69/1330/789 470/1331/789 1145/1297/789 463/1332/789
f 470/1331/790 471/1333/790 1146/1298/790 1145/1297/790
f 463/1332/791 1145/1297/791 1144/1299/791 462/1334/791
f 71/1335/792 479/1336/792 1147/1300/792 472/1337/792
f 479/1336/793 480/1307/793 1148/1301/793 1147/1300/793
f 472/1337/794 1147/1300/794 1146/1302/794 471/1338/794
f 1149/1065/603 1150/1066/603 1153/1067/603 1152/1068/603
f 1150/1066/604 1151/1069/604 1154/1070/604 1153/1067/604
f 1152/1068/605 1153/1067/605 1156/1071/605 1155/1072/605
f 1153/1067/606 1154/1070/606 1157/1073/606 1156/1071/606
f 73/1074/607 491/1075/607 1149/1065/607 485/1076/607
f 491/1075/608 492/1077/608 1150/1066/608 1149/1065/608
f 492/1077/609 493/1078/609 1151/1069/609 1150/1066/609
f 493/1078/610 74/1079/610 490/1080/610 1151/1069/610
f 1151/1069/611 490/1080/611 489/1081/611 1154/1070/611
f 1154/1070/612 489/1081/612 488/1082/612 1157/1073/612
f 1157/1073/613 488/1082/613 76/1083/613 494/1084/613
f 1156/1071/614 1157/1073/614 494/1084/614 495/1085/614
f 1155/1072/615 1156/1071/615 495/1085/615 496/1086/615
f 487/1087/616 1155/1072/616 496/1086/616 75/1088/616
f 486/1089/617 1152/1068/617 1155/1072/617 487/1087/617
f 485/1076/618 1149/1065/618 1152/1068/618 486/1089/618
f 1158/1090/619 1159/1091/619 1162/1092/619 1161/1093/619
f 1159/1091/620 1160/1094/620 1163/1095/620 1162/1092/620
f 1161/1093/621 1162/1092/621 1165/1096/621 1164/1097/621
f 1162/1092/622 1163/1095/622 1166/1098/622 1165/1096/622
f 75/1088/623 496/1086/623 1158/1090/623 497/1099/623
f 496/1086/624 495/1085/624 1159/1091/624 1158/1090/624
f 495/1085/625 494/1084/625 1160/1094/625 1159/1091/625
f 494/1084/626 76/1083/626 502/1100/626 1160/1094/626
f 1160/1094/627 502/1100/627 501/1101/627 1163/1095/627
f 1163/1095/628 501/1101/628 500/1102/628 1166/1098/628
f 1166/1098/629 500/1102/629 78/1103/629 503/1104/629
f 1165/1096/630 1166/1098/630 503/1104/630 504/1105/630
f 1164/1097/631 1165/1096/631 504/1105/631 505/1106/631
f 499/1107/632 1164/1097/632 505/1106/632 77/1108/632
f 498/1109/633 1161/1093/633 1164/1097/633 499/1107/633
f 497/1099/634 1158/1090/634 1161/1093/634 498/1109/634
f 1167/1110/635 1168/1111/635 1171/1112/635 1170/1113/635
f 1168/1111/636 1169/1114/636 1172/1115/636 1171/1112/636
f 1170/1113/637 1171/1112/637 1174/1116/637 1173/1117/637
f 1171/1112/638 1172/1115/638 1175/1118/638 1174/1116/638
f 77/1108/639 505/1106/639 1167/1110/639 506/1119/639
f 505/1106/640 504/1105/640 1168/1111/640 1167/1110/640
f 504/1105/641 503/1104/641 1169/1114/641 1168/1111/641
f 503/1104/642 78/1103/642 511/1120/642 1169/1114/642
f 1169/1114/643 511/1120/643 510/1121/643 1172/1115/643
f 1172/1115/644 510/1121/644 509/1122/644 1175/1118/644
f 1175/1118/645 509/1122/645 80/1123/645 512/1124/645
f 1174/1116/646 1175/1118/646 512/1124/646 513/1125/646
f 1173/1117/647 1174/1116/647 513/1125/647 514/1126/647
f 508/1127/648 1173/1117/648 514/1126/648 79/44/648
f 507/198/649 1170/1113/649 1173/1117/649 508/1127/649
f 506/1119/650 1167/1110/650 1170/1113/650 507/198/650
f 1176/1128/651 1177/1129/651 1180/1130/651 1179/1131/651
f 1177/1129/652 1178/1132/652 1181/1133/652 1180/1130/652
f 1179/1131/653 1180/1130/653 1183/1134/653 1182/1135/653
f 1180/1130/654 1181/1133/654 1184/1136/654 1183/1134/654
f 79/44/655 514/1126/655 1176/1128/655 515/1137/655
f 514/1126/656 513/1125/656 1177/1129/656 1176/1128/656
f 513/1125/657 512/1124/657 1178/1132/657 1177/1129/657
f 512/1124/658 80/1123/658 520/1138/658 1178/1132/658
f 1178/1132/659 520/1138/659 519/97/659 1181/1133/659
f 1181/1133/660 519/97/660 518/1139/660 1184/1136/660
f 1184/1136/661 518/1139/661 82/1140/661 521/1141/661
f 1183/1134/662 1184/1136/662 521/1141/662 522/1142/662
f 1182/1135/663 1183/1134/663 522/1142/663 523/1143/663
f 517/1144/664 1182/1135/664 523/1143/664 81/1145/664
f 516/47/665 1179/1131/665 1182/1135/665 517/1144/665
f 515/1137/666 1176/1128/666 1179/1131/666 516/47/666
f 1185/1146/667 1186/1147/667 1189/1148/667 1188/1149/667
f 1186/1147/668 1187/1150/668 1190/1151/668 1189/1148/668
f 1188/1149/669 1189/1148/669 1192/1152/669 1191/1153/669
f 1189/1148/670 1190/1151/670 1193/1154/670 1192/1152/670
f 81/1145/671 523/1143/671 1185/1146/671 524/1155/671
f 523/1143/672 522/1142/672 1186/1147/672 1185/1146/672
f 522/1142/673 521/1141/673 1187/1150/673 1186/1147/673
f 521/1141/674 82/1140/674 529/1156/674 1187/1150/674
f 1187/1150/675 529/1156/675 528/490/675 1190/1151/675
f 1190/1151/676 528/490/676 527/1157/676 1193/1154/676
f 1193/1154/677 527/1157/677 84/1158/677 530/549/677
f 1192/1152/678 1193/1154/678 530/549/678 531/1159/678
f 1191/1153/679 1192/1152/679 531/1159/679 532/1160/679
f 526/1161/680 1191/1153/680 532/1160/680 83/443/680
f 525/670/681 1188/1149/681 1191/1153/681 526/1161/681
f 524/1155/682 1185/1146/682 1188/1149/682 525/670/682
f 1194/1162/683 1195/1163/683 1198/1164/683 1197/1165/683
f 1195/1163/684 1196/1166/684 1199/1167/684 1198/1164/684
f 1197/1165/685 1198/1164/685 1201/1168/685 1200/1169/685
f 1198/1164/686 1199/1167/686 1202/1170/686 1201/1168/686
f 83/443/687 532/1160/687 1194/1162/687 533/1171/687
f 532/1160/688 531/1159/688 1195/1163/688 1194/1162/688
f 531/1159/689 530/549/689 1196/1166/689 1195/1163/689
f 530/549/690 84/1158/690 538/1172/690 1196/1166/690
f 1196/1166/691 538/1172/691 537/1173/691 1199/1167/691
f 1199/1167/692 537/1173/692 536/1174/692 1202/1170/692
f 1202/1170/693 536/1174/693 86/1175/693 539/1176/693
f 1201/1168/694 1202/1170/694 539/1176/694 540/1177/694
f 1200/1169/695 1201/1168/695 540/1177/695 541/1178/695
f 535/1179/696 1200/1169/696 541/1178/696 85/1180/696
f 534/440/697 1197/1165/697 1200/1169/697 535/1179/697
f 533/1171/698 1194/1162/698 1197/1165/698 534/440/698
f 1204/1181/699 1205/1182/699 1203/1183/699 1219/1184/699
f 1206/1185/700 1207/1186/700 1203/1183/700 1205/1182/700
f 1208/1187/701 1209/1188/701 1203/1183/701 1207/1189/701
f 1210/1190/702 1211/1191/702 1203/1183/702 1209/1188/702
f 1212/1192/703 1213/1193/703 1203/1183/703 1211/1191/703
f 1214/1194/704 1215/1195/704 1203/1183/704 1213/1196/704
f 1216/1197/705 1217/1198/705 1203/1183/705 1215/1195/705
f 1218/1199/706 1219/1200/706 1203/1183/706 1217/1201/706
f 76/1202/707 488/1203/707 1204/1181/707 502/1204/707
f 488/1203/708 489/1205/708 1205/1182/708 1204/1181/708
f 502/1204/709 1204/1181/709 1219/1184/709 501/1206/709
f 74/1207/710 554/1208/710 1206/1185/710 490/1209/710
f 554/1208/711 555/1210/711 1207/1186/711 1206/1185/711
f 490/1209/712 1206/1185/712 1205/1182/712 489/1211/712
f 88/1212/713 545/1213/713 1208/1187/713 556/1214/713
f 545/1213/714 546/1215/714 1209/1188/714 1208/1187/714
f 556/1214/715 1208/1187/715 1207/1189/715 555/1216/715
f 86/1217/716 536/1218/716 1210/1190/716 547/1219/716
f 536/1218/717 537/1220/717 1211/1191/717 1210/1190/717
f 547/1219/718 1210/1190/718 1209/1188/718 546/1221/718
f 84/1222/719 527/1223/719 1212/1192/719 538/1224/719
f 527/1223/720 528/1225/720 1213/1193/720 1212/1192/720
f 538/1224/721 1212/1192/721 1211/1191/721 537/1226/721
f 82/1227/722 518/1228/722 1214/1194/722 529/1229/722
f 518/1228/723 519/1230/723 1215/1195/723 1214/1194/723
f 529/1229/724 1214/1194/724 1213/1196/724 528/1231/724
f 80/1232/725 509/1233/725 1216/1197/725 520/1234/725
f 509/1233/726 510/1235/726 1217/1198/726 1216/1197/726
f 520/1234/727 1216/1197/727 1215/1195/727 519/1236/727
f 78/1237/728 500/1238/728 1218/1199/728 511/1239/728
f 500/1238/729 501/1240/729 1219/1200/729 1218/1199/729
f 511/1239/730 1218/1199/730 1217/1201/730 510/1241/730
f 1220/1242/731 1221/1243/731 1224/1244/731 1223/1245/731
f 1221/1243/732 1222/1246/732 1225/1247/732 1224/1244/732
f 1223/1245/733 1224/1244/733 1227/1248/733 1226/1249/733
f 1224/1244/734 1225/1247/734 1228/1250/734 1227/1248/734
f 85/1180/735 541/1178/735 1220/1242/735 542/1251/735
f 541/1178/736 540/1177/736 1221/1243/736 1220/1242/736
f 540/1177/737 539/1176/737 1222/1246/737 1221/1243/737
f 539/1176/738 86/1175/738 547/1252/738 1222/1246/738
f 1222/1246/739 547/1252/739 546/1253/739 1225/1247/739
f 1225/1247/740 546/1253/740 545/1254/740 1228/1250/740
f 1228/1250/741 545/1254/741 88/1255/741 548/1256/741
f 1227/1248/742 1228/1250/742 548/1256/742 549/331/742
f 1226/1249/743 1227/1248/743 549/331/743 550/387/743
f 544/1257/744 1226/1249/744 550/387/744 87/1258/744
f 543/1259/745 1223/1245/745 1226/1249/745 544/1257/745
f 542/1251/746 1220/1242/746 1223/1245/746 543/1259/746
f 1229/1260/747 1230/1261/747 1233/1262/747 1232/1263/747
f 1230/1261/748 1231/1264/748 1234/1265/748 1233/1262/748
f 1232/1263/749 1233/1262/749 1236/1266/749 1235/1267/749
f 1233/1262/750 1234/1265/750 1237/1268/750 1236/1266/750
f 87/1258/751 550/387/751 1229/1260/751 551/1269/751
f 550/387/752 549/331/752 1230/1261/752 1229/1260/752
f 549/331/753 548/1256/753 1231/1264/753 1230/1261/753
f 548/1256/754 88/1255/754 556/1270/754 1231/1264/754
f 1231/1264/755 556/1270/755 555/1271/755 1234/1265/755
f 1234/1265/756 555/1271/756 554/1272/756 1237/1268/756
f 1237/1268/757 554/1272/757 74/1273/757 493/1274/757
f 1236/1266/758 1237/1268/758 493/1274/758 492/1275/758
f 1235/1267/759 1236/1266/759 492/1275/759 491/1276/759
f 553/1277/760 1235/1267/760 491/1276/760 73/1278/760
f 552/1279/761 1232/1263/761 1235/1267/761 553/1277/761
f 551/1269/762 1229/1260/762 1232/1263/762 552/1279/762
f 1239/1280/763 1240/1281/763 1238/1282/763 1254/1283/763
f 1241/1284/764 1242/1285/764 1238/1282/764 1240/1286/764
f 1243/1287/765 1244/1288/765 1238/1282/765 1242/1289/765
f 1245/1290/766 1246/1291/766 1238/1282/766 1244/1292/766
f 1247/1293/767 1248/1294/767 1238/1282/767 1246/1291/767
f 1249/1295/768 1250/1296/768 1238/1282/768 1248/1294/768
f 1251/1297/769 1252/1298/769 1238/1282/769 1250/1299/769
f 1253/1300/770 1254/1301/770 1238/1282/770 1252/1302/770
f 73/1303/771 485/1304/771 1239/1280/771 553/1305/771
f 485/1304/772 486/1306/772 1240/1281/772 1239/1280/772
f 553/1305/773 1239/1280/773 1254/1283/773 552/1307/773
f 75/1308/774 497/1309/774 1241/1284/774 487/1310/774
f 497/1309/775 498/1311/775 1242/1285/775 1241/1284/775
f 487/1310/776 1241/1284/776 1240/1286/776 486/1306/776
f 77/1312/777 506/1313/777 1243/1287/777 499/1314/777
f 506/1313/778 507/1315/778 1244/1288/778 1243/1287/778
f 499/1314/779 1243/1287/779 1242/1289/779 498/1316/779
f 79/1317/780 515/1318/780 1245/1290/780 508/1319/780
f 515/1318/781 516/1320/781 1246/1291/781 1245/1290/781
f 508/1319/782 1245/1290/782 1244/1292/782 507/1321/782
f 81/1322/783 524/1323/783 1247/1293/783 517/1324/783
f 524/1323/795 525/1325/795 1248/1294/795 1247/1293/795
f 517/1324/785 1247/1293/785 1246/1291/785 516/1320/785
f 83/1326/786 533/1327/786 1249/1295/786 526/1328/786
f 533/1327/787 534/1329/787 1250/1296/787 1249/1295/787
f 526/1328/788 1249/1295/788 1248/1294/788 525/1325/788
f 85/1330/796 542/1331/796 1251/1297/796 535/1332/796
f 542/1331/790 543/1333/790 1252/1298/790 1251/1297/790
f 535/1332/791 1251/1297/791 1250/1299/791 534/1334/791
f 87/1335/792 551/1336/792 1253/1300/792 544/1337/792
f 551/1336/793 552/1307/793 1254/1301/793 1253/1300/793
f 544/1337/794 1253/1300/794 1252/1302/794 543/1338/794
